,Fecha,Dias Cama Disponibles,Dias Cama Ocupados,Dias de Estada,Egresos Fallecidos,Indice Ocupacional,Indice de Rotación,Letalidad,Numero de Egresos,Promedio Cama Disponibles,Promedio Días de Estada,Temperatura Máxima,Temperatura Mínima,Precipitaciones (suma),Viento_E,Viento_S,Viento_SE,Viento_SW,Mes,Trimestre,lag_1,lag_2,lag_3,media_movil_3,variacion_disponibles,porcentaje_ocupacion,ocupados_media_movil,promedio_media_movil,egresos_media_movil,egresos_fallecidos_media_movil,Diferencia Térmica,temp_max_movil,precipitacion_movil,interaccion_ocupacion_temp,interaccion_precipitacion_disp,same_month_last_year,hist_avg_mes
12,2015-01-01,372.0,129.0,142.0,0.0,34.68,3.75,0.0,45.0,12.0,3.16,24.86774193548387,12.812903225806451,0.0,False,False,False,True,1,1,368.0,360.0,372.0,366.6666666666667,4.0,0.3467741935483871,138.66666666666666,11.956666666666665,43.0,0.0,12.05483870967742,21.741863799283152,5.166666666666667,8.623491155046827,0.0,372.0,356.5
13,2015-02-01,168.0,91.0,95.0,0.0,54.17,7.0,0.0,42.0,6.0,2.26,23.99642857142857,12.810714285714283,0.0,False,False,False,True,2,1,372.0,368.0,360.0,302.6666666666667,-204.0,0.5416666666666666,134.33333333333334,9.956666666666665,44.666666666666664,0.0,11.185714285714287,23.409562211981566,3.6999999999999997,12.998065476190474,0.0,336.0,330.1666666666667
14,2015-03-01,372.0,137.0,124.0,0.0,36.83,3.25,0.0,39.0,12.0,3.18,23.516129032258064,12.283870967741937,0.3,False,False,False,True,3,1,168.0,372.0,368.0,304.0,204.0,0.3682795698924731,119.0,10.0,42.0,0.0,11.232258064516127,24.126766513056836,0.09999999999999999,8.6605098855359,111.6,372.0,391.54545454545456
15,2015-04-01,360.0,150.0,136.0,0.0,41.67,2.92,0.0,35.0,12.0,3.89,19.84333333333333,9.663333333333332,30.1,False,False,False,True,4,2,372.0,168.0,372.0,300.0,-12.0,0.4166666666666667,126.0,10.0,38.666666666666664,0.0,10.179999999999998,22.45196364567332,10.133333333333335,8.268055555555554,10836.0,360.0,379.27272727272725
16,2015-05-01,372.0,144.0,121.0,1.0,38.71,3.5,2.38,42.0,12.0,2.88,15.051612903225807,7.461290322580646,130.2,False,False,True,False,5,2,360.0,372.0,168.0,368.0,12.0,0.3870967741935484,143.66666666666666,12.0,38.666666666666664,0.3333333333333333,7.590322580645162,19.470358422939068,53.53333333333333,5.8264308012487,48434.399999999994,372.0,391.54545454545456
17,2015-06-01,360.0,134.0,188.0,1.0,37.22,3.25,2.56,39.0,12.0,4.82,13.436666666666667,5.786666666666666,164.5,False,True,False,False,6,2,372.0,360.0,372.0,364.0,-12.0,0.37222222222222223,142.66666666666666,12.0,38.666666666666664,0.6666666666666666,7.650000000000001,16.1105376344086,108.26666666666665,5.001425925925926,59220.0,360.0,368.1818181818182
18,2015-07-01,372.0,168.0,132.0,0.0,45.16,3.5,0.0,42.0,12.0,3.14,12.038709677419355,5.012903225806451,276.8,False,True,False,False,7,3,360.0,372.0,360.0,368.0,12.0,0.45161290322580644,148.66666666666666,12.0,41.0,0.6666666666666666,7.025806451612904,13.50899641577061,190.5,5.4368366285119665,102969.6,372.0,391.72727272727275
19,2015-08-01,372.0,147.0,189.0,0.0,39.52,2.58,0.0,31.0,12.0,6.1,13.151612903225804,6.096774193548387,265.0,False,True,False,False,8,3,372.0,360.0,372.0,368.0,0.0,0.3951612903225806,149.66666666666666,12.0,37.333333333333336,0.3333333333333333,7.0548387096774166,12.875663082437276,235.4333333333333,5.197008324661809,98580.0,372.0,369.0
20,2015-09-01,360.0,136.0,129.0,0.0,37.78,3.33,0.0,40.0,12.0,3.23,14.306666666666668,4.933333333333334,110.8,False,True,False,False,9,3,372.0,372.0,360.0,368.0,-12.0,0.37777777777777777,150.33333333333334,12.0,37.666666666666664,0.0,9.373333333333335,13.165663082437275,217.53333333333333,5.404740740740741,39888.0,360.0,346.54545454545456
21,2015-10-01,372.0,139.0,165.0,1.0,37.37,3.08,2.7,37.0,12.0,4.46,15.938709677419356,6.47741935483871,93.4,False,True,False,False,10,4,360.0,372.0,372.0,368.0,12.0,0.3736559139784946,140.66666666666666,12.0,36.0,0.3333333333333333,9.461290322580645,14.465663082437274,156.4,5.955593132154006,34744.8,372.0,357.72727272727275
22,2015-11-01,360.0,148.0,110.0,1.0,41.11,3.0,2.78,36.0,12.0,3.06,18.46333333333333,8.71,18.4,False,False,False,True,11,4,372.0,360.0,372.0,364.0,-12.0,0.4111111111111111,141.0,12.0,37.666666666666664,0.6666666666666666,9.75333333333333,16.236236559139783,74.20000000000002,7.59048148148148,6623.999999999999,360.0,340.0
23,2015-12-01,372.0,134.0,123.0,0.0,36.02,3.67,0.0,44.0,12.0,2.8,21.783870967741933,10.980645161290322,19.8,False,False,False,True,12,4,360.0,372.0,360.0,368.0,12.0,0.3602150537634409,140.33333333333334,12.0,39.0,0.6666666666666666,10.80322580645161,18.72863799283154,43.86666666666668,7.846878251821019,7365.6,368.0,349.09090909090907
24,2016-01-01,372.0,140.0,156.0,1.0,37.63,3.0,2.78,36.0,12.0,4.33,24.583870967741937,13.55483870967742,12.6,False,False,False,True,1,1,372.0,360.0,372.0,368.0,0.0,0.3763440860215054,140.66666666666666,12.0,38.666666666666664,0.6666666666666666,11.029032258064518,21.61035842293907,16.93333333333335,9.25199445022546,4687.2,372.0,356.5
25,2016-02-01,348.0,113.0,144.0,0.0,32.47,1.67,0.0,20.0,12.0,7.2,23.99285714285714,12.74642857142857,0.7,False,False,False,True,2,1,372.0,372.0,360.0,364.0,-24.0,0.32471264367816094,129.0,12.0,33.333333333333336,0.3333333333333333,11.24642857142857,23.45353302611367,11.033333333333353,7.790784072249589,243.6,168.0,330.1666666666667
26,2016-03-01,372.0,151.0,133.0,0.0,40.59,2.58,0.0,31.0,12.0,4.29,23.48709677419355,11.625806451612902,11.9,False,False,False,True,3,1,348.0,372.0,372.0,364.0,24.0,0.40591397849462363,134.66666666666666,12.0,29.0,0.3333333333333333,11.861290322580647,24.02127496159754,8.400000000000018,9.533740894901145,4426.8,372.0,391.54545454545456
27,2016-04-01,360.0,94.0,127.0,0.0,26.11,1.5,0.0,18.0,12.0,7.06,16.863333333333333,7.286666666666666,108.7,False,True,False,False,4,2,372.0,348.0,372.0,360.0,-12.0,0.2611111111111111,119.33333333333333,12.0,23.0,0.0,9.576666666666668,21.447762416794674,40.43333333333335,4.403203703703704,39132.0,360.0,379.27272727272725
28,2016-05-01,372.0,136.0,116.0,1.0,36.56,3.33,2.5,40.0,12.0,2.9,15.8,8.529032258064515,118.7,True,False,False,False,5,2,360.0,372.0,348.0,368.0,12.0,0.3655913978494624,127.0,12.0,29.666666666666668,0.3333333333333333,7.270967741935486,18.716810035842293,79.7666666666667,5.776344086021505,44156.4,372.0,391.54545454545456
29,2016-06-01,360.0,92.0,116.0,0.0,25.56,2.33,0.0,28.0,12.0,4.14,13.66,3.843333333333333,3.4,False,True,False,False,6,2,372.0,360.0,372.0,364.0,-12.0,0.25555555555555554,107.33333333333333,12.0,28.666666666666668,0.3333333333333333,9.816666666666666,15.441111111111113,76.93333333333335,3.4908888888888887,1224.0,360.0,368.1818181818182
30,2016-07-01,372.0,134.0,85.0,2.0,36.02,2.83,5.88,34.0,12.0,2.5,12.341935483870968,4.745161290322581,230.6,False,False,True,False,7,3,360.0,372.0,360.0,368.0,12.0,0.3602150537634409,120.66666666666667,12.0,34.0,1.0,7.596774193548387,13.933978494623657,117.56666666666668,4.445750953867499,85783.2,372.0,391.72727272727275
31,2016-08-01,372.0,164.0,186.0,0.0,44.09,3.75,0.0,45.0,12.0,4.13,13.432258064516128,5.512903225806451,90.7,False,False,False,True,8,3,372.0,360.0,372.0,368.0,0.0,0.44086021505376344,130.0,12.0,35.666666666666664,0.6666666666666666,7.919354838709677,13.1447311827957,108.23333333333335,5.921748178980229,33740.4,372.0,369.0
32,2016-09-01,360.0,141.0,154.0,0.0,39.17,3.17,0.0,38.0,12.0,4.05,16.87666666666667,6.69,45.7,False,True,False,False,9,3,372.0,372.0,360.0,368.0,-12.0,0.39166666666666666,146.33333333333334,12.0,39.0,0.6666666666666666,10.186666666666667,14.216953405017923,122.33333333333333,6.610027777777779,16452.0,360.0,346.54545454545456
33,2016-10-01,372.0,122.0,136.0,0.0,32.8,2.83,0.0,34.0,12.0,4.0,16.780645161290323,7.5,92.8,False,False,False,True,10,4,360.0,372.0,372.0,368.0,12.0,0.3279569892473118,142.33333333333334,12.0,39.0,0.0,9.280645161290323,15.69652329749104,76.40000000000002,5.503329864724246,34521.6,372.0,357.72727272727275
34,2016-11-01,360.0,137.0,144.0,0.0,38.06,3.58,0.0,43.0,12.0,3.35,20.646666666666665,9.97,27.000000000000004,False,False,False,True,11,4,372.0,360.0,372.0,364.0,-12.0,0.38055555555555554,133.33333333333334,12.0,38.333333333333336,0.0,10.676666666666664,18.101326164874553,55.16666666666669,7.857203703703703,9720.000000000002,360.0,340.0
35,2016-12-01,372.0,131.0,134.0,1.0,35.22,3.25,2.56,39.0,12.0,3.44,21.76451612903226,11.503225806451614,40.1,False,False,False,True,12,4,360.0,372.0,360.0,368.0,12.0,0.3521505376344086,130.0,12.0,38.666666666666664,0.3333333333333333,10.261290322580646,19.730609318996414,53.30000000000002,7.664386056191468,14917.2,372.0,349.09090909090907
36,2017-01-01,372.0,149.0,150.0,1.0,40.05,3.17,2.63,38.0,12.0,3.95,25.47741935483871,13.325806451612904,10.5,False,False,False,True,1,1,372.0,360.0,372.0,368.0,0.0,0.40053763440860213,139.0,12.0,40.0,0.6666666666666666,12.151612903225805,22.629534050179206,25.86666666666669,10.20466527922303,3906.0,372.0,356.5
37,2017-02-01,336.0,118.0,105.0,2.0,35.12,2.67,6.25,32.0,12.0,3.28,22.575,13.592857142857143,21.9,False,True,False,False,2,1,372.0,372.0,360.0,360.0,-36.0,0.35119047619047616,132.66666666666666,12.0,36.333333333333336,1.3333333333333333,8.982142857142856,23.272311827956987,24.166666666666686,7.928124999999999,7358.4,348.0,330.1666666666667
38,2017-03-01,372.0,165.0,143.0,0.0,44.35,2.5,0.0,30.0,12.0,4.77,19.961290322580645,10.80967741935484,38.0,False,True,False,False,3,1,336.0,372.0,372.0,360.0,36.0,0.4435483870967742,144.0,12.0,33.333333333333336,1.0,9.151612903225805,22.671236559139786,23.466666666666686,8.853798126951093,14136.0,372.0,391.54545454545456
39,2017-04-01,360.0,162.0,194.0,0.0,45.0,3.42,0.0,41.0,12.0,4.73,17.853333333333335,9.433333333333334,52.1,False,True,False,False,4,2,372.0,336.0,372.0,356.0,-12.0,0.45,148.33333333333334,12.0,34.333333333333336,0.6666666666666666,8.420000000000002,20.129874551971326,37.33333333333335,8.034,18756.0,360.0,379.27272727272725
40,2017-05-01,372.0,134.0,134.0,1.0,36.02,2.5,3.33,30.0,12.0,4.47,13.78064516129032,6.406451612903226,235.5,True,False,False,False,5,2,360.0,372.0,336.0,368.0,12.0,0.3602150537634409,153.66666666666666,12.0,33.666666666666664,0.3333333333333333,7.374193548387094,17.1984229390681,108.53333333333335,4.963995837669094,87606.0,372.0,391.54545454545456
41,2017-06-01,360.0,144.0,114.0,0.0,40.0,2.75,0.0,33.0,12.0,3.45,12.363333333333332,5.569999999999999,348.2,False,False,True,False,6,2,372.0,360.0,372.0,364.0,-12.0,0.4,146.66666666666666,12.0,34.666666666666664,0.3333333333333333,6.793333333333332,14.665770609318995,211.93333333333337,4.945333333333333,125352.0,360.0,368.1818181818182
42,2017-07-01,372.0,210.0,161.0,1.0,56.45,3.17,2.63,38.0,12.0,4.24,12.316129032258065,4.325806451612903,157.5,False,True,False,False,7,3,360.0,372.0,360.0,368.0,12.0,0.5645161290322581,162.66666666666666,12.0,33.666666666666664,0.6666666666666666,7.990322580645162,12.820035842293905,247.0666666666667,6.952653485952134,58590.0,372.0,391.72727272727275
43,2017-08-01,372.0,178.0,254.0,0.0,47.85,3.75,0.0,45.0,12.0,5.64,11.432258064516128,5.074193548387096,301.5,False,True,False,False,8,3,372.0,360.0,372.0,368.0,0.0,0.478494623655914,177.33333333333334,12.0,38.666666666666664,0.3333333333333333,6.358064516129033,12.037240143369175,269.06666666666666,5.470274020117933,112158.0,372.0,369.0
44,2017-09-01,360.0,141.0,122.0,1.0,39.17,3.25,2.56,39.0,12.0,3.13,13.98,5.28,114.2,False,True,False,False,9,3,372.0,372.0,360.0,368.0,-12.0,0.39166666666666666,176.33333333333334,12.0,40.666666666666664,0.6666666666666666,8.7,12.576129032258066,191.06666666666672,5.4755,41112.0,360.0,346.54545454545456
45,2017-10-01,372.0,140.0,175.0,1.0,37.63,3.67,2.27,44.0,12.0,3.98,14.761290322580644,7.367741935483871,173.8,False,False,False,True,10,4,360.0,372.0,372.0,368.0,12.0,0.3763440860215054,153.0,12.0,42.666666666666664,0.6666666666666666,7.393548387096772,13.391182795698924,196.50000000000003,5.555324314949704,64653.600000000006,372.0,357.72727272727275
46,2017-11-01,360.0,143.0,111.0,0.0,39.72,2.58,0.0,31.0,12.0,3.58,18.246666666666663,8.896666666666667,115.1,False,True,False,False,11,4,372.0,360.0,372.0,364.0,-12.0,0.3972222222222222,141.33333333333334,12.0,38.0,0.6666666666666666,9.349999999999996,15.662652329749102,134.3666666666667,7.24798148148148,41436.0,360.0,340.0
47,2017-12-01,372.0,123.0,160.0,0.0,33.06,2.67,0.0,32.0,12.0,5.0,21.141935483870967,11.035483870967743,4.6,False,False,False,True,12,4,360.0,372.0,360.0,368.0,12.0,0.33064516129032256,135.33333333333334,12.0,35.666666666666664,0.3333333333333333,10.106451612903223,18.04996415770609,97.83333333333337,6.990478668054109,1711.1999999999998,372.0,349.09090909090907
48,2018-01-01,372.0,174.0,141.0,1.0,46.77,3.67,2.27,44.0,12.0,3.2,22.783870967741933,12.229032258064516,18.3,False,True,False,False,1,1,372.0,360.0,372.0,368.0,0.0,0.46774193548387094,146.66666666666666,12.0,35.666666666666664,0.3333333333333333,10.554838709677417,20.724157706093187,46.000000000000036,10.656971904266387,6807.6,372.0,356.5
49,2018-02-01,336.0,148.0,123.0,0.0,44.05,2.17,0.0,26.0,12.0,4.73,23.35,13.267857142857142,5.3,False,False,False,True,2,1,372.0,372.0,360.0,360.0,-36.0,0.44047619047619047,148.33333333333334,12.0,34.0,0.3333333333333333,10.082142857142859,22.4252688172043,9.400000000000038,10.285119047619048,1780.8,336.0,330.1666666666667
50,2018-03-01,372.0,193.0,240.0,4.0,51.88,3.42,9.76,41.0,12.0,5.85,19.50967741935484,10.358064516129032,98.1,False,False,False,True,3,1,336.0,372.0,372.0,360.0,36.0,0.5188172043010753,171.66666666666666,12.0,37.0,1.6666666666666667,9.151612903225809,21.881182795698923,40.5666666666667,10.121956295525495,36493.2,372.0,391.54545454545456
51,2018-04-01,360.0,124.0,159.0,0.0,34.44,2.83,0.0,34.0,12.0,4.68,15.533333333333331,7.79,126.7,False,True,False,False,4,2,372.0,336.0,372.0,356.0,-12.0,0.34444444444444444,155.0,12.0,33.666666666666664,1.3333333333333333,7.743333333333331,19.464336917562722,76.70000000000003,5.35037037037037,45612.0,360.0,379.27272727272725
52,2018-05-01,372.0,128.0,116.0,1.0,34.41,2.42,3.45,29.0,12.0,4.0,14.074193548387097,7.300000000000001,182.5,False,False,True,False,5,2,360.0,372.0,336.0,368.0,12.0,0.34408602150537637,148.33333333333334,12.0,34.666666666666664,1.6666666666666667,6.774193548387096,16.372401433691756,135.76666666666668,4.842733263961152,67890.0,372.0,391.54545454545456
53,2018-06-01,360.0,147.0,155.0,0.0,40.83,3.0,0.0,36.0,12.0,4.31,12.056666666666668,4.266666666666667,176.9,False,True,False,False,6,2,372.0,360.0,372.0,364.0,-12.0,0.4083333333333333,133.0,12.0,33.0,0.3333333333333333,7.790000000000002,13.888064516129033,162.03333333333336,4.923138888888889,63684.0,360.0,368.1818181818182
54,2018-07-01,372.0,173.0,172.0,1.0,46.51,4.0,2.08,48.0,12.0,3.58,11.75483870967742,4.512903225806451,179.2,False,False,True,False,7,3,360.0,372.0,360.0,368.0,12.0,0.4650537634408602,149.33333333333334,12.0,37.666666666666664,0.6666666666666666,7.241935483870969,12.628566308243728,179.5333333333334,5.466631980575789,66662.4,372.0,391.72727272727275
55,2018-08-01,370.0,142.0,140.0,2.0,38.38,3.18,5.26,38.0,11.94,3.68,12.90967741935484,4.812903225806451,167.7,False,True,False,False,8,3,372.0,360.0,372.0,367.3333333333333,-2.0,0.3837837837837838,154.0,11.979999999999999,40.666666666666664,1.0,8.096774193548388,12.240394265232977,174.60000000000002,4.954524847428074,62048.99999999999,372.0,369.0
56,2018-09-01,362.0,181.0,193.0,0.0,50.0,3.65,0.0,44.0,12.07,4.39,13.676666666666668,6.73,267.6,False,True,False,False,9,3,370.0,372.0,360.0,368.0,-8.0,0.5,165.33333333333334,12.003333333333336,43.333333333333336,1.0,6.946666666666667,12.780394265232976,204.83333333333337,6.838333333333334,96871.20000000001,360.0,346.54545454545456
57,2018-10-01,370.0,123.0,119.0,2.0,33.24,2.85,5.88,34.0,11.94,3.5,14.983870967741936,6.693548387096774,103.2,False,False,False,True,10,4,362.0,370.0,372.0,367.3333333333333,8.0,0.3324324324324324,148.66666666666666,11.983333333333334,38.666666666666664,1.3333333333333333,8.290322580645162,13.85673835125448,179.50000000000003,4.981124673060157,38184.0,372.0,357.72727272727275
58,2018-11-01,362.0,138.0,105.0,2.0,38.12,3.15,5.26,38.0,12.07,2.76,17.753333333333334,8.643333333333334,99.5,False,True,False,False,11,4,370.0,362.0,370.0,364.6666666666667,-8.0,0.3812154696132597,147.33333333333334,12.026666666666666,38.666666666666664,1.3333333333333333,9.11,15.471290322580648,156.7666666666667,6.767845303867404,36019.0,360.0,340.0
59,2018-12-01,372.0,209.0,121.0,2.0,56.18,3.0,5.56,36.0,12.0,3.36,20.59354838709677,10.651612903225804,44.0,False,False,False,True,12,4,362.0,370.0,362.0,368.0,10.0,0.5618279569892473,156.66666666666666,12.003333333333332,36.0,2.0,9.941935483870967,17.776917562724012,82.23333333333336,11.570031217481787,16368.0,372.0,349.09090909090907
60,2019-01-01,372.0,166.0,179.0,0.0,44.62,2.0,0.0,24.0,12.0,7.46,22.35806451612904,11.00967741935484,27.6,False,False,False,True,1,1,372.0,362.0,370.0,368.6666666666667,0.0,0.44623655913978494,171.0,12.023333333333333,32.666666666666664,1.3333333333333333,11.3483870967742,20.234982078853047,57.03333333333338,9.976985778702744,10267.2,372.0,356.5
61,2019-02-01,336.0,143.0,160.0,1.0,42.56,2.42,3.45,29.0,12.0,5.52,22.24285714285714,12.485714285714286,3.1,False,False,False,True,2,1,372.0,372.0,362.0,360.0,-36.0,0.4255952380952381,172.66666666666666,12.0,29.666666666666668,1.0,9.757142857142854,21.731490015360986,24.900000000000038,9.466454081632651,1041.6000000000001,336.0,330.1666666666667
62,2019-03-01,372.0,147.0,122.0,3.0,39.52,2.08,12.0,25.0,12.0,4.88,20.3,10.332258064516129,16.5,False,True,False,False,3,1,336.0,372.0,372.0,360.0,36.0,0.3951612903225806,152.0,12.0,26.0,1.3333333333333333,9.967741935483872,21.63364055299539,15.733333333333372,8.021774193548387,6138.0,372.0,391.54545454545456
63,2019-04-01,360.0,170.0,160.0,1.0,47.22,3.25,2.56,39.0,12.0,4.1,17.653333333333332,9.06,12.0,False,True,False,False,4,2,372.0,336.0,372.0,356.0,-12.0,0.4722222222222222,153.33333333333334,12.0,31.0,1.6666666666666667,8.593333333333332,20.065396825396824,10.533333333333372,8.336296296296295,4320.0,360.0,379.27272727272725
64,2019-05-01,372.0,252.0,72.0,0.0,67.74,2.08,0.0,25.0,12.0,2.88,14.303225806451612,7.909677419354838,309.7,False,False,True,False,5,2,360.0,372.0,336.0,368.0,12.0,0.6774193548387096,189.66666666666666,12.0,29.666666666666668,1.3333333333333333,6.393548387096774,17.418853046594982,112.73333333333336,9.689281997918833,115208.4,372.0,391.54545454545456
65,2019-06-01,360.0,180.0,127.0,1.0,50.0,2.08,4.0,25.0,12.0,5.08,12.293333333333331,6.79,383.4,False,False,True,False,6,2,372.0,360.0,372.0,364.0,-12.0,0.5,200.66666666666666,12.0,29.666666666666668,0.6666666666666666,5.503333333333331,14.749964157706094,235.0333333333334,6.146666666666666,138024.0,360.0,368.1818181818182
66,2019-07-01,372.0,142.0,91.0,1.0,38.17,1.83,4.55,22.0,12.0,4.14,12.422580645161291,6.283870967741936,240.0,False,True,False,False,7,3,360.0,372.0,360.0,368.0,12.0,0.3817204301075269,191.33333333333334,12.0,24.0,0.6666666666666666,6.138709677419356,13.006379928315411,311.03333333333336,4.741952826916407,89280.0,372.0,391.72727272727275
67,2019-08-01,372.0,188.0,122.0,0.0,50.54,2.92,0.0,35.0,12.0,3.49,13.067741935483872,5.132258064516129,122.1,False,True,False,False,8,3,372.0,360.0,372.0,368.0,0.0,0.5053763440860215,170.0,12.0,27.333333333333332,0.6666666666666666,7.935483870967743,12.594551971326164,248.5,6.6041276448144295,45421.2,370.0,369.0
68,2019-09-01,360.0,208.0,142.0,0.0,57.78,2.67,0.0,32.0,12.0,4.44,14.256666666666666,5.796666666666667,92.6,False,True,False,False,9,3,372.0,372.0,360.0,368.0,-12.0,0.5777777777777777,179.33333333333334,12.0,29.666666666666668,0.3333333333333333,8.459999999999999,13.24899641577061,151.5666666666667,8.237185185185185,33336.0,362.0,346.54545454545456
69,2019-10-01,372.0,179.0,300.0,2.0,48.12,2.92,5.71,35.0,12.0,8.57,15.506451612903223,6.72258064516129,88.8,False,False,False,True,10,4,360.0,372.0,372.0,368.0,12.0,0.48118279569892475,191.66666666666666,12.0,34.0,0.6666666666666666,8.783870967741933,14.27695340501792,101.1666666666667,7.4614377384668735,33033.6,370.0,357.72727272727275
70,2019-11-01,330.0,144.0,132.0,1.0,43.64,2.45,3.7,27.0,11.0,4.89,19.42,9.51,38.2,False,False,False,True,11,4,372.0,360.0,372.0,354.0,-42.0,0.43636363636363634,177.0,11.666666666666666,31.333333333333332,1.0,9.910000000000002,16.39437275985663,73.20000000000003,8.474181818181819,12606.000000000002,362.0,340.0
71,2019-12-01,341.0,144.0,97.0,0.0,42.23,1.91,0.0,21.0,11.0,4.62,22.40967741935484,10.929032258064517,4.800000000000001,False,False,False,True,12,4,330.0,372.0,360.0,347.6666666666667,11.0,0.4222873900293255,155.66666666666666,11.333333333333334,27.666666666666668,1.0,11.480645161290322,19.112043010752686,43.93333333333337,9.463324188818467,1636.8000000000002,372.0,349.09090909090907
72,2020-01-01,341.0,159.0,152.0,1.0,46.63,3.55,2.56,39.0,11.0,3.9,23.616129032258065,12.429032258064517,18.2,False,False,False,True,1,1,341.0,330.0,372.0,337.3333333333333,0.0,0.4662756598240469,149.0,11.0,29.0,0.6666666666666666,11.187096774193549,21.815268817204302,20.400000000000038,11.011626147005959,6206.2,372.0,356.5
73,2020-02-01,327.0,142.0,129.0,0.0,43.43,2.48,0.0,28.0,11.28,4.61,23.31428571428572,12.032142857142857,10.0,False,False,False,True,2,1,341.0,341.0,330.0,336.3333333333333,-14.0,0.43425076452599387,148.33333333333334,11.093333333333334,29.333333333333332,0.3333333333333333,11.282142857142864,23.11336405529954,11.000000000000037,10.124246395806031,3270.0,336.0,330.1666666666667
74,2020-03-01,339.0,100.0,68.0,2.0,29.5,1.46,12.5,16.0,10.94,4.25,21.36774193548387,11.729032258064516,18.2,False,True,False,False,3,1,327.0,341.0,341.0,335.6666666666667,12.0,0.2949852507374631,133.66666666666666,11.073333333333332,27.666666666666668,1.0,9.638709677419355,22.766052227342556,15.466666666666704,6.303168712532115,6169.8,372.0,391.54545454545456
75,2020-04-01,332.0,77.0,36.0,1.0,23.19,1.27,7.14,14.0,11.07,2.57,18.41,9.576666666666666,132.5,False,False,True,False,4,2,339.0,327.0,341.0,332.6666666666667,-7.0,0.2319277108433735,106.33333333333333,11.096666666666666,19.333333333333332,1.0,8.833333333333334,21.03067588325653,53.5666666666667,4.269789156626506,43990.0,360.0,379.27272727272725
76,2020-05-01,339.0,100.0,82.0,2.0,29.5,1.74,10.53,19.0,10.94,4.32,15.519354838709678,7.648387096774194,85.39999999999999,False,True,False,False,5,2,332.0,339.0,327.0,336.6666666666667,7.0,0.2949852507374631,92.33333333333333,10.983333333333334,16.333333333333332,1.6666666666666667,7.870967741935484,18.43236559139785,78.70000000000003,4.577980778380436,28950.6,372.0,391.54545454545456
77,2020-06-01,330.0,84.0,54.0,2.0,25.45,1.27,14.29,14.0,11.0,3.86,11.693333333333332,6.3533333333333335,461.6,False,False,True,False,6,2,339.0,332.0,339.0,333.6666666666667,-9.0,0.2545454545454545,87.0,11.003333333333336,15.666666666666666,1.6666666666666667,5.339999999999998,15.207562724014338,226.50000000000003,2.976484848484848,152328.0,360.0,368.1818181818182
78,2020-07-01,341.0,98.0,71.0,0.0,28.74,1.82,0.0,20.0,11.0,3.55,11.658064516129032,5.519354838709678,323.6,False,True,False,False,7,3,330.0,339.0,332.0,336.6666666666667,11.0,0.2873900293255132,94.0,10.979999999999999,17.666666666666668,1.3333333333333333,6.138709677419355,12.956917562724014,290.20000000000005,3.3504115031690476,110347.6,372.0,391.72727272727275
79,2020-08-01,341.0,121.0,75.0,0.0,35.48,1.73,0.0,19.0,11.0,3.95,12.5,5.135483870967741,162.9,False,False,True,False,8,3,341.0,330.0,339.0,337.3333333333333,0.0,0.3548387096774194,101.0,11.0,17.666666666666668,0.6666666666666666,7.364516129032259,11.950465949820789,316.03333333333336,4.435483870967742,55548.9,372.0,369.0
80,2020-09-01,330.0,90.0,72.0,0.0,27.27,1.82,0.0,20.0,11.0,3.6,14.45,5.426666666666667,65.5,False,True,False,False,9,3,341.0,341.0,330.0,337.3333333333333,-11.0,0.2727272727272727,103.0,11.0,19.666666666666668,0.0,9.023333333333333,12.869354838709677,184.00000000000003,3.9409090909090905,21615.0,360.0,346.54545454545456
81,2020-10-01,341.0,141.0,91.0,0.0,41.35,2.82,0.0,31.0,11.0,2.94,16.593548387096774,6.303225806451613,18.2,False,False,False,True,10,4,330.0,341.0,341.0,337.3333333333333,11.0,0.41348973607038125,117.33333333333333,11.0,23.333333333333332,0.0,10.29032258064516,14.514516129032259,82.20000000000003,6.861261943051746,6206.2,372.0,357.72727272727275
82,2020-11-01,341.0,156.0,137.0,2.0,45.75,2.99,5.88,34.0,11.37,4.03,19.196666666666665,9.106666666666666,8.4,False,False,False,True,11,4,341.0,330.0,341.0,337.3333333333333,0.0,0.4574780058651026,129.0,11.123333333333333,28.333333333333332,0.6666666666666666,10.09,16.746738351254482,30.700000000000035,8.782052785923753,2864.4,330.0,340.0
83,2020-12-01,341.0,145.0,122.0,2.0,42.52,2.55,7.14,28.0,11.0,4.36,21.616129032258065,10.283870967741937,29.6,False,False,False,True,12,4,341.0,341.0,330.0,341.0,0.0,0.4252199413489736,147.33333333333334,11.123333333333333,31.0,1.3333333333333333,11.332258064516129,19.135448028673835,18.733333333333373,9.19160911928862,10093.6,341.0,349.09090909090907
84,2021-01-01,341.0,157.0,138.0,0.0,46.04,3.55,0.0,39.0,11.0,3.54,23.270967741935483,12.151612903225804,44.0,False,False,False,True,1,1,341.0,341.0,341.0,341.0,0.0,0.4604105571847507,152.66666666666666,11.123333333333333,33.666666666666664,1.3333333333333333,11.119354838709679,21.361254480286735,27.33333333333337,10.714199224292877,15004.0,341.0,356.5
85,2021-02-01,532.0,343.0,103.0,1.0,64.47,1.37,3.85,26.0,19.0,3.96,22.17142857142857,11.892857142857142,4.7,False,False,False,True,2,1,341.0,341.0,341.0,404.6666666666667,191.0,0.6447368421052632,215.0,13.666666666666666,31.0,1.0,10.278571428571428,22.352841781874037,26.10000000000004,14.294736842105262,2500.4,327.0,330.1666666666667
86,2021-03-01,713.0,376.0,56.0,2.0,52.73,1.26,6.9,29.0,23.0,1.93,20.42903225806452,11.13225806451613,21.6,False,False,False,True,3,1,532.0,341.0,341.0,528.6666666666666,181.0,0.5273492286115007,292.0,17.666666666666668,31.333333333333332,1.0,9.29677419354839,21.957142857142856,23.43333333333337,10.77323440256979,15400.800000000001,339.0,391.54545454545456
87,2021-04-01,690.0,391.0,94.0,0.0,56.67,0.96,0.0,22.0,23.0,4.27,17.736666666666668,9.74,70.6,False,False,True,False,4,2,713.0,532.0,341.0,645.0,-23.0,0.5666666666666667,370.0,21.666666666666668,25.666666666666668,1.0,7.996666666666668,20.112375832053257,32.30000000000003,10.050777777777778,48713.99999999999,332.0,379.27272727272725
88,2021-05-01,713.0,415.0,270.0,2.0,58.2,1.39,6.25,32.0,23.0,8.44,14.76774193548387,7.383870967741935,183.6,False,False,True,False,5,2,690.0,713.0,532.0,705.3333333333334,23.0,0.5820476858345021,394.0,23.0,27.666666666666668,1.3333333333333333,7.383870967741935,17.644480286738354,91.93333333333335,8.595530018549518,130906.8,339.0,391.54545454545456
89,2021-06-01,570.0,369.0,338.0,1.0,64.74,0.95,5.56,18.0,19.0,18.78,12.953333333333337,5.95,210.8,False,False,True,False,6,2,713.0,690.0,713.0,657.6666666666666,-143.0,0.6473684210526316,391.6666666666667,21.666666666666668,24.0,1.0,7.0033333333333365,15.152580645161292,155.00000000000003,8.385578947368423,120156.0,330.0,368.1818181818182
90,2021-07-01,713.0,383.0,259.0,1.0,53.72,1.04,4.17,24.0,23.0,10.79,12.703225806451613,3.9129032258064513,85.69999999999999,False,True,False,False,7,3,570.0,713.0,690.0,665.3333333333334,143.0,0.5371669004207573,389.0,21.666666666666668,24.666666666666668,1.3333333333333333,8.790322580645162,13.474767025089607,160.03333333333336,6.8237524317965885,61104.09999999999,341.0,391.72727272727275
91,2021-08-01,465.0,188.0,1085.0,0.0,40.43,1.93,0.0,29.0,15.0,37.41,12.34516129032258,5.990322580645161,305.3,False,True,False,False,8,3,713.0,570.0,713.0,582.6666666666666,-248.0,0.4043010752688172,313.3333333333333,19.0,23.666666666666668,0.6666666666666666,6.354838709677418,12.667240143369177,200.60000000000005,4.991161984044398,141964.5,341.0,369.0
92,2021-09-01,330.0,192.0,127.0,1.0,58.18,2.18,4.17,24.0,11.0,5.29,14.27,5.653333333333333,150.7,False,False,False,True,9,3,465.0,713.0,570.0,502.6666666666667,-135.0,0.5818181818181818,254.33333333333334,16.333333333333332,25.666666666666668,0.6666666666666666,8.616666666666667,13.106129032258062,180.5666666666667,8.302545454545454,49730.99999999999,330.0,346.54545454545456
93,2021-10-01,341.0,131.0,178.0,4.0,38.42,1.27,28.57,14.0,11.0,12.71,16.261290322580646,6.67741935483871,36.1,False,True,False,False,10,4,330.0,465.0,713.0,378.6666666666667,11.0,0.3841642228739003,170.33333333333334,12.333333333333334,22.333333333333332,1.6666666666666667,9.583870967741936,14.292150537634408,164.0333333333334,6.247005959701069,12310.1,341.0,357.72727272727275
94,2021-11-01,330.0,120.0,86.0,2.0,36.36,1.18,15.38,13.0,11.0,6.62,19.876666666666665,9.386666666666668,20.4,False,False,False,True,11,4,341.0,330.0,465.0,333.6666666666667,-11.0,0.36363636363636365,147.66666666666666,11.0,17.0,2.3333333333333335,10.489999999999997,16.802652329749105,69.0666666666667,7.227878787878788,6731.999999999999,341.0,340.0
95,2021-12-01,341.0,159.0,144.0,1.0,46.63,2.09,4.35,23.0,11.0,6.26,22.693548387096776,11.5,5.9,False,False,False,True,12,4,330.0,341.0,330.0,337.3333333333333,11.0,0.4662756598240469,136.66666666666666,11.0,16.666666666666668,2.3333333333333335,11.193548387096776,19.610501792114697,20.800000000000036,10.581449247942484,2011.9,341.0,349.09090909090907
96,2022-01-01,341.0,153.0,113.0,3.0,44.87,2.55,10.71,28.0,11.0,4.04,21.432258064516127,11.870967741935484,36.0,False,False,False,True,1,1,341.0,330.0,341.0,337.3333333333333,0.0,0.44868035190615835,144.0,11.0,21.333333333333332,2.0,9.561290322580643,21.33415770609319,20.766666666666705,9.616233090530695,12276.0,341.0,356.5
97,2022-02-01,308.0,151.0,129.0,0.0,49.03,2.73,0.0,30.0,11.0,4.3,22.853571428571428,12.346428571428572,22.8,False,True,False,False,2,1,341.0,341.0,330.0,330.0,-33.0,0.4902597402597403,154.33333333333334,11.0,27.0,1.3333333333333333,10.507142857142856,22.326459293394777,21.566666666666706,11.20418599257885,7022.400000000001,532.0,330.1666666666667
98,2022-03-01,341.0,162.0,122.0,0.0,47.51,2.27,0.0,25.0,11.0,4.88,20.90322580645161,10.325806451612904,28.8,False,False,False,True,3,1,308.0,341.0,341.0,330.0,33.0,0.4750733137829912,155.33333333333334,11.0,27.666666666666668,1.0,10.577419354838705,21.72968509984639,29.200000000000035,9.930564752625104,9820.800000000001,713.0,391.54545454545456
99,2022-04-01,330.0,138.0,76.0,1.0,41.82,1.73,5.26,19.0,11.0,4.0,16.103333333333335,7.683333333333334,202.5,False,False,False,True,4,2,341.0,308.0,341.0,326.3333333333333,-11.0,0.41818181818181815,150.33333333333334,11.0,24.666666666666668,0.3333333333333333,8.420000000000002,19.95337685611879,84.70000000000003,6.734121212121212,66825.0,690.0,379.27272727272725
100,2022-05-01,341.0,165.0,86.0,0.0,48.39,1.55,0.0,17.0,11.0,5.06,13.683870967741935,5.180645161290323,111.8,False,False,True,False,5,2,330.0,341.0,308.0,337.3333333333333,11.0,0.4838709677419355,155.0,11.0,20.333333333333332,0.3333333333333333,8.503225806451614,16.896810035842293,114.36666666666669,6.621227887617065,38123.799999999996,713.0,391.54545454545456
101,2022-06-01,330.0,137.0,114.0,0.0,41.52,1.55,0.0,17.0,11.0,6.71,11.46,6.383333333333334,351.2,True,False,False,False,6,2,341.0,330.0,341.0,333.6666666666667,-11.0,0.41515151515151516,146.66666666666666,11.0,17.666666666666668,0.3333333333333333,5.076666666666667,13.749068100358423,221.83333333333334,4.757636363636364,115896.0,570.0,368.1818181818182
102,2022-07-01,341.0,123.0,56.0,2.0,36.07,1.64,11.11,18.0,11.0,3.11,10.803225806451612,5.145161290322581,390.5,False,True,False,False,7,3,330.0,341.0,330.0,337.3333333333333,11.0,0.36070381231671556,141.66666666666666,11.0,17.333333333333332,0.6666666666666666,5.6580645161290315,11.98236559139785,284.5,3.8967647337054205,133160.5,713.0,391.72727272727275
103,2022-08-01,341.0,153.0,69.0,0.0,44.87,0.91,0.0,10.0,11.0,6.9,12.896774193548389,5.248387096774193,172.1,False,True,False,False,8,3,341.0,330.0,341.0,337.3333333333333,0.0,0.44868035190615835,137.66666666666666,11.0,15.0,0.6666666666666666,7.648387096774195,11.72,304.6,5.786529183615553,58686.1,465.0,369.0
104,2022-09-01,330.0,155.0,281.0,1.0,46.97,1.73,5.26,19.0,11.0,14.79,14.046666666666663,5.006666666666666,58.9,False,True,False,False,9,3,341.0,341.0,330.0,337.3333333333333,-11.0,0.4696969696969697,143.66666666666666,11.0,15.666666666666666,1.0,9.039999999999997,12.58222222222222,207.1666666666667,6.5976767676767665,19437.0,330.0,346.54545454545456
105,2022-10-01,341.0,118.0,84.0,0.0,34.6,1.36,0.0,15.0,11.0,5.6,15.387096774193548,7.161290322580645,104.4,False,False,False,True,10,4,330.0,341.0,341.0,337.3333333333333,11.0,0.3460410557184751,142.0,11.0,14.666666666666666,0.3333333333333333,8.225806451612904,14.110179211469534,111.80000000000003,5.324567212184278,35600.4,341.0,357.72727272727275
106,2022-11-01,330.0,155.0,139.0,0.0,46.97,1.73,0.0,19.0,11.0,7.32,19.043333333333333,10.626666666666669,34.6,False,True,False,False,11,4,341.0,330.0,341.0,333.6666666666667,-11.0,0.4696969696969697,142.66666666666666,11.0,17.666666666666668,0.3333333333333333,8.416666666666664,16.159032258064514,65.96666666666671,8.94459595959596,11418.0,330.0,340.0
107,2022-12-01,341.0,137.0,65.0,1.0,40.18,1.09,8.33,12.0,11.0,5.42,22.21935483870968,11.574193548387097,40.6,False,True,False,False,12,4,330.0,341.0,330.0,337.3333333333333,11.0,0.40175953079178883,136.66666666666666,11.0,15.333333333333334,0.3333333333333333,10.645161290322584,18.88326164874552,59.86666666666671,8.926837574496265,13844.6,341.0,349.09090909090907
108,2023-01-01,341.0,184.0,79.0,0.0,53.96,1.55,0.0,17.0,11.0,4.65,22.906451612903226,11.790322580645162,3.6,False,False,False,True,1,1,341.0,330.0,341.0,337.3333333333333,0.0,0.5395894428152492,158.66666666666666,11.0,16.0,0.3333333333333333,11.116129032258064,21.389713261648748,26.266666666666705,12.360079462680918,1227.6000000000001,341.0,356.5
109,2023-02-01,308.0,186.0,76.0,0.0,60.39,1.55,0.0,17.0,11.0,4.47,25.62857142857143,12.917857142857144,0.3,False,False,False,True,2,1,341.0,341.0,330.0,330.0,-33.0,0.6038961038961039,169.0,11.0,15.333333333333334,0.3333333333333333,12.710714285714285,23.584792626728113,14.833333333333371,15.476994434137293,92.39999999999999,308.0,330.1666666666667
110,2023-03-01,341.0,172.0,143.0,1.0,50.44,1.82,5.0,20.0,11.0,7.15,21.212903225806453,11.577419354838709,23.4,False,False,True,False,3,1,308.0,341.0,341.0,330.0,33.0,0.5043988269794721,180.66666666666666,11.0,18.0,0.3333333333333333,9.635483870967745,23.24930875576037,9.100000000000037,10.699763503925835,7979.4,341.0,391.54545454545456
111,2023-04-01,330.0,144.0,157.0,0.0,43.64,1.55,0.0,17.0,11.0,9.24,17.80666666666667,9.696666666666664,120.4,False,True,False,False,4,2,341.0,308.0,341.0,326.3333333333333,-11.0,0.43636363636363634,167.33333333333334,11.0,18.0,0.3333333333333333,8.110000000000005,21.549380440348187,48.03333333333337,7.770181818181818,39732.0,330.0,379.27272727272725
112,2023-05-01,341.0,165.0,98.0,0.0,48.39,2.0,0.0,22.0,11.0,4.45,14.77741935483871,6.912903225806452,162.70000000000002,False,True,False,False,5,2,330.0,341.0,308.0,337.3333333333333,11.0,0.4838709677419355,160.33333333333334,11.0,19.666666666666668,0.3333333333333333,7.864516129032258,17.932329749103943,102.1666666666667,7.150364203954214,55480.700000000004,341.0,391.54545454545456
113,2023-06-01,330.0,193.0,145.0,0.0,58.48,1.91,0.0,21.0,11.0,6.9,13.596666666666666,6.293333333333334,366.9,False,True,False,False,6,2,341.0,330.0,341.0,333.6666666666667,-11.0,0.5848484848484848,167.33333333333334,11.0,20.0,0.0,7.303333333333332,15.393584229390681,216.6666666666667,7.951989898989899,121076.99999999999,330.0,368.1818181818182
114,2023-07-01,341.0,157.0,93.0,1.0,46.04,2.18,4.17,24.0,11.0,3.88,12.303225806451612,5.348387096774194,253.1,False,False,True,False,7,3,330.0,341.0,330.0,337.3333333333333,11.0,0.4604105571847507,171.66666666666666,11.0,22.333333333333332,0.3333333333333333,6.954838709677419,13.559103942652328,260.90000000000003,5.664535048718191,86307.09999999999,341.0,391.72727272727275
115,2023-08-01,341.0,170.0,101.0,1.0,49.85,1.73,5.26,19.0,11.0,5.32,12.738709677419354,5.229032258064516,333.3,False,True,False,False,8,3,341.0,330.0,341.0,337.3333333333333,0.0,0.49853372434017595,173.33333333333334,11.0,21.333333333333332,0.6666666666666666,7.509677419354839,12.879534050179211,317.7666666666667,6.350676378772112,113655.3,341.0,369.0
116,2023-09-01,330.0,169.0,116.0,1.0,51.21,2.09,4.35,23.0,11.0,5.04,13.243333333333334,5.973333333333334,338.5,False,True,False,False,9,3,341.0,341.0,330.0,337.3333333333333,-11.0,0.5121212121212121,165.33333333333334,11.0,22.0,1.0,7.2700000000000005,12.761756272401435,308.3,6.782191919191919,111705.0,330.0,346.54545454545456
117,2023-10-01,341.0,178.0,113.0,3.0,52.2,2.0,13.64,22.0,11.0,5.14,16.30322580645161,6.238709677419355,81.0,False,True,False,False,10,4,330.0,341.0,341.0,337.3333333333333,11.0,0.5219941348973607,172.33333333333334,11.0,21.333333333333332,1.6666666666666667,10.064516129032256,14.095089605734765,250.93333333333337,8.510188250875034,27621.0,341.0,357.72727272727275
118,2023-11-01,332.0,199.0,135.0,0.0,59.94,2.08,0.0,23.0,11.07,5.87,16.13,7.52,87.4,False,False,False,True,11,4,341.0,330.0,341.0,334.3333333333333,-9.0,0.5993975903614458,182.0,11.023333333333333,22.666666666666668,1.3333333333333333,8.61,15.225519713261647,168.9666666666667,9.66828313253012,29016.800000000003,330.0,340.0
119,2023-12-01,279.0,149.0,98.0,0.0,53.41,1.67,0.0,15.0,9.0,6.53,19.67096774193548,10.016129032258064,24.9,False,False,False,True,12,4,332.0,341.0,330.0,317.3333333333333,-53.0,0.5340501792114696,175.33333333333334,10.356666666666667,20.0,1.0,9.654838709677417,17.368064516129028,64.43333333333338,10.50528384784368,6947.099999999999,341.0,349.09090909090907
120,2024-01-01,341.0,153.0,93.0,2.0,44.87,2.09,8.7,23.0,11.0,4.04,24.19032258064516,12.570967741935483,1.0,False,False,False,True,1,1,279.0,332.0,341.0,317.3333333333333,62.0,0.44868035190615835,167.0,10.356666666666667,20.333333333333332,0.6666666666666666,11.619354838709675,19.997096774193547,37.76666666666671,10.853722448207359,341.0,341.0,356.5
121,2024-02-01,319.0,143.0,67.0,0.0,44.83,1.45,0.0,16.0,11.0,4.19,24.335714285714285,13.321428571428571,2.3000000000000003,False,False,False,True,2,1,341.0,279.0,332.0,313.0,-22.0,0.4482758620689655,148.33333333333334,10.333333333333334,18.0,0.6666666666666666,11.014285714285714,22.73233486943164,9.400000000000038,10.909113300492612,733.7,308.0,330.1666666666667
122,2024-03-01,341.0,210.0,113.0,1.0,61.58,1.55,5.88,17.0,11.0,6.65,20.574193548387097,10.696774193548388,65.4,False,True,False,False,3,1,319.0,341.0,279.0,333.6666666666667,22.0,0.6158357771260997,168.66666666666666,11.0,18.666666666666668,1.0,9.87741935483871,23.033410138248843,22.900000000000038,12.670324472613755,22301.4,341.0,391.54545454545456
123,2024-04-01,330.0,189.0,133.0,2.0,57.27,1.09,16.67,12.0,11.0,11.08,15.86,8.013333333333334,166.8,False,True,False,False,4,2,341.0,319.0,341.0,330.0,-11.0,0.5727272727272728,180.66666666666666,11.0,15.0,1.0,7.846666666666666,20.25663594470046,78.1666666666667,9.083454545454545,55044.00000000001,330.0,379.27272727272725
124,2024-05-01,341.0,186.0,159.0,0.0,54.55,2.0,0.0,22.0,11.0,7.23,11.929032258064517,3.9483870967741934,168.1,False,False,True,False,5,2,330.0,341.0,319.0,337.3333333333333,11.0,0.5454545454545454,195.0,11.0,17.0,1.0,7.980645161290323,16.121075268817204,133.43333333333337,6.506744868035191,57322.1,341.0,391.54545454545456
125,2024-06-01,330.0,172.0,102.0,0.0,52.12,1.55,0.0,17.0,11.0,6.0,11.906666666666666,6.843333333333334,835.7,False,False,True,False,6,2,341.0,330.0,341.0,333.6666666666667,-11.0,0.5212121212121212,182.33333333333334,11.0,17.0,0.6666666666666666,5.063333333333333,13.231899641577058,390.20000000000005,6.20589898989899,275781.0,330.0,368.1818181818182
126,2024-07-01,341.0,182.0,130.0,0.0,53.37,1.73,0.0,19.0,11.0,6.84,11.674193548387096,3.1225806451612903,62.2,False,False,True,False,7,3,330.0,341.0,330.0,337.3333333333333,11.0,0.533724340175953,180.0,11.0,19.333333333333332,0.0,8.551612903225806,11.83663082437276,355.3333333333334,6.230801248699271,21210.2,341.0,391.72727272727275
127,2024-08-01,341.0,167.0,112.0,0.0,48.97,1.73,0.0,19.0,11.0,5.89,12.206451612903225,3.661290322580645,258.0,False,True,False,False,8,3,341.0,330.0,341.0,337.3333333333333,0.0,0.4897360703812317,173.66666666666666,11.0,18.333333333333332,0.0,8.545161290322579,11.929103942652327,385.3,5.977939646201873,87978.0,341.0,369.0
128,2024-09-01,330.0,123.0,58.0,1.0,37.27,1.27,7.14,14.0,11.0,4.14,13.063333333333333,5.246666666666667,224.7,False,False,False,True,9,3,341.0,341.0,330.0,337.3333333333333,-11.0,0.37272727272727274,157.33333333333334,11.0,17.333333333333332,0.3333333333333333,7.8166666666666655,12.314659498207883,181.63333333333335,4.869060606060606,74151.0,330.0,346.54545454545456
129,2024-10-01,341.0,157.0,106.0,0.0,46.04,1.64,0.0,18.0,11.0,5.89,16.88064516129032,7.816129032258065,52.6,False,True,False,False,10,4,330.0,341.0,341.0,337.3333333333333,11.0,0.4604105571847507,149.0,11.0,17.0,0.3333333333333333,9.064516129032256,14.050143369175624,178.43333333333337,7.7720272443477425,17936.600000000002,341.0,357.72727272727275
130,2024-11-01,275.0,210.0,67.0,2.0,76.36,2.07,10.53,19.0,9.17,3.53,17.823333333333334,8.043333333333333,46.4,False,False,False,True,11,4,341.0,330.0,341.0,315.3333333333333,-66.0,0.7636363636363637,163.33333333333334,10.39,17.0,1.0,9.780000000000001,15.922437275985663,107.90000000000003,13.610545454545456,12760.0,332.0,340.0
131,2024-12-01,341.0,132.0,69.0,0.0,38.71,1.73,0.0,19.0,11.0,3.63,20.503225806451614,9.861290322580643,19.3,False,False,False,True,12,4,275.0,341.0,330.0,319.0,66.0,0.3870967741935484,166.33333333333334,10.39,18.666666666666668,0.6666666666666666,10.64193548387097,18.402401433691754,39.43333333333337,7.936732570239334,6581.3,279.0,349.09090909090907
132,2025-01-01,341.0,125.0,72.0,1.0,36.66,1.82,5.0,20.0,11.0,3.6,23.3,11.422580645161291,9.9,False,False,False,True,1,1,341.0,275.0,341.0,319.0,0.0,0.36656891495601174,155.66666666666666,10.39,19.333333333333332,1.0,11.87741935483871,20.542186379928314,25.200000000000035,8.541055718475073,3375.9,341.0,356.5
133,2025-02-01,308.0,181.0,117.0,0.0,58.77,2.09,0.0,23.0,11.0,5.09,23.27142857142857,11.528571428571428,8.1,False,False,False,True,2,1,341.0,341.0,275.0,330.0,-33.0,0.5876623376623377,146.0,11.0,20.666666666666668,0.3333333333333333,11.74285714285714,22.35821812596006,12.43333333333337,13.675742115027827,2494.7999999999997,319.0,330.1666666666667
