,Fecha,Dias Cama Disponibles,Dias Cama Ocupados,Dias de Estada,Egresos Fallecidos,Indice Ocupacional,Indice de Rotación,Letalidad,Numero de Egresos,Promedio Cama Disponibles,Promedio Días de Estada,Temperatura Máxima,Temperatura Mínima,Precipitaciones (suma),Viento_S,Viento_SE,Viento_SW,Viento_W,Mes,Trimestre,lag_1,lag_2,lag_3,media_movil_3,variacion_disponibles,porcentaje_ocupacion,ocupados_media_movil,promedio_media_movil,egresos_media_movil,egresos_fallecidos_media_movil,Diferencia Térmica,temp_max_movil,precipitacion_movil,interaccion_ocupacion_temp,interaccion_precipitacion_disp,same_month_last_year,hist_avg_mes
12,2015-01-01,5053.0,4134.0,6321.0,1.0,81.81,0.05,12.5,8.0,163.0,790.13,30.164516129032258,16.541935483870965,0.2,False,False,True,False,1,1,4898.0,4740.0,4898.0,4897.0,155.0,0.8181278448446467,4065.3333333333335,159.66666666666666,5.333333333333333,0.3333333333333333,13.622580645161293,27.016451612903225,7.233333333333333,24.67843057142675,1010.6,4898.0,4555.833333333333
13,2015-02-01,4564.0,3703.0,993.0,0.0,81.13,0.04,0.0,7.0,163.0,141.86,29.02857142857143,16.107142857142858,4.9,False,False,True,False,2,1,5053.0,4898.0,4740.0,4838.333333333333,-489.0,0.8113496932515337,3976.6666666666665,161.33333333333334,7.666666666666667,0.3333333333333333,12.92142857142857,28.615975422427038,2.766666666666667,23.552322524101665,22363.600000000002,4424.0,4125.833333333333
14,2015-03-01,5053.0,4158.0,5504.0,0.0,82.29,0.06,0.0,9.0,163.0,611.56,28.65806451612903,15.40967741935484,3.9,False,False,True,False,3,1,4564.0,5053.0,4898.0,4890.0,489.0,0.8228774985157332,3998.3333333333335,163.0,8.0,0.3333333333333333,13.248387096774191,29.283717357910906,3.0,23.582076441334753,19706.7,4898.0,4644.363636363636
15,2015-04-01,4890.0,4110.0,1701.0,1.0,84.05,0.04,14.29,7.0,163.0,243.0,25.876666666666665,10.826666666666666,0.1,False,False,True,False,4,2,5053.0,4564.0,5053.0,4835.666666666667,-163.0,0.8404907975460123,3990.3333333333335,163.0,7.666666666666667,0.3333333333333333,15.049999999999999,27.854434203789044,2.966666666666667,21.749100204498976,489.0,4740.0,4494.545454545455
16,2015-05-01,5053.0,4127.0,5115.0,0.0,81.67,0.07,0.0,11.0,163.0,465.0,20.864516129032257,6.422580645161291,2.2,True,False,False,False,5,2,4890.0,5053.0,4564.0,4998.666666666667,163.0,0.8167425291905799,4131.666666666667,163.0,9.0,0.3333333333333333,14.441935483870967,25.133082437275984,2.066666666666667,17.04093767356345,11116.6,4898.0,4651.272727272727
17,2015-06-01,4309.0,4590.0,6726.0,0.0,106.52,0.05,0.0,7.0,143.63,960.86,18.506666666666668,3.5933333333333333,1.1,False,True,False,False,6,2,5053.0,4890.0,5053.0,4750.666666666667,-744.0,1.0652123462520307,4275.666666666667,156.54333333333332,8.333333333333334,0.3333333333333333,14.913333333333334,21.749283154121866,1.1333333333333335,19.71352982130425,4739.900000000001,4740.0,4401.272727272727
18,2015-07-01,5053.0,4107.0,4933.0,0.0,81.28,0.09,0.0,14.0,163.0,352.36,15.480645161290322,2.812903225806452,68.7,False,True,False,False,7,3,4309.0,5053.0,4890.0,4805.0,744.0,0.8127844844646744,4274.666666666667,156.54333333333332,10.666666666666666,0.0,12.667741935483871,18.28394265232975,24.0,12.582428196599912,347141.10000000003,4898.0,4644.363636363636
19,2015-08-01,5053.0,4093.0,3077.0,1.0,81.0,0.07,8.33,12.0,163.0,256.42,16.316129032258065,4.932258064516129,153.4,True,False,False,False,8,3,5053.0,4309.0,5053.0,4805.0,0.0,0.8100138531565406,4263.333333333333,156.54333333333332,11.0,0.3333333333333333,11.383870967741935,16.76781362007168,74.39999999999999,13.216290546018653,775130.2000000001,4898.0,4644.363636363636
20,2015-09-01,4890.0,3832.0,2048.0,0.0,78.36,0.07,0.0,11.0,163.0,186.18,18.05333333333333,5.489999999999999,99.4,True,False,False,False,9,3,5053.0,5053.0,4309.0,4998.666666666667,-163.0,0.783640081799591,4010.6666666666665,163.0,12.333333333333334,0.3333333333333333,12.563333333333333,16.61670250896057,107.16666666666667,14.147315610088615,486066.0,4740.0,4497.181818181818
21,2015-10-01,5053.0,4126.0,4579.0,0.0,81.65,0.06,0.0,9.0,163.0,508.78,18.274193548387096,7.267741935483872,113.0,False,False,True,False,10,4,4890.0,5053.0,5053.0,4998.666666666667,163.0,0.8165446269542845,4017.0,163.0,10.666666666666666,0.3333333333333333,11.006451612903223,17.5478853046595,121.93333333333335,14.921694553858135,570989.0,4898.0,4616.727272727273
22,2015-11-01,4890.0,3887.0,4003.0,0.0,79.49,0.07,0.0,11.0,163.0,363.91,21.86,9.883333333333333,38.7,False,False,True,False,11,4,5053.0,4890.0,5053.0,4944.333333333333,-163.0,0.7948875255623722,3948.3333333333335,163.0,10.333333333333334,0.0,11.976666666666667,19.39584229390681,83.7,17.376241308793457,189243.0,4740.0,4450.909090909091
23,2015-12-01,5053.0,3939.0,6192.0,0.0,77.95,0.06,0.0,9.0,163.0,688.0,27.86774193548387,13.396774193548389,1.1,False,False,True,False,12,4,4890.0,5053.0,4890.0,4998.666666666667,163.0,0.779536908767069,3984.0,163.0,9.666666666666666,0.0,14.470967741935482,22.66731182795699,50.93333333333334,21.723933402705516,5558.3,4898.0,4557.0
24,2016-01-01,5053.0,3890.0,3935.0,0.0,76.98,0.09,0.0,14.0,163.0,281.07,28.664516129032258,16.0,11.2,False,False,True,False,1,1,5053.0,4890.0,5053.0,4998.666666666667,0.0,0.7698396991886008,3905.3333333333335,163.0,11.333333333333334,0.0,12.664516129032258,26.13075268817204,17.0,22.06708247416099,56593.6,5053.0,4555.833333333333
25,2016-02-01,4727.0,3749.0,3296.0,0.0,79.31,0.05,0.0,8.0,163.0,412.0,30.389285714285712,16.91785714285714,0.5,False,False,True,False,2,1,5053.0,5053.0,4890.0,4944.333333333333,-326.0,0.7931034482758621,3859.3333333333335,163.0,10.333333333333334,0.0,13.471428571428572,28.97384792626728,4.266666666666667,24.101847290640393,2363.5,4564.0,4125.833333333333
26,2016-03-01,5053.0,4027.0,6257.0,0.0,79.7,0.09,0.0,14.0,163.0,446.93,28.50967741935484,15.193548387096774,0.0,False,False,True,False,3,1,4727.0,5053.0,5053.0,4944.333333333333,326.0,0.7969523055610528,3888.6666666666665,163.0,12.0,0.0,13.316129032258067,29.18782642089094,3.9,22.720853150156724,0.0,5053.0,4644.363636363636
27,2016-04-01,4890.0,3837.0,4128.0,0.0,78.47,0.07,0.0,11.0,163.0,375.27,20.236666666666668,10.056666666666668,213.8,False,False,True,False,4,2,5053.0,4727.0,5053.0,4890.0,-163.0,0.7846625766871166,3871.0,163.0,11.0,0.0,10.18,26.37854326676907,71.43333333333334,15.878955010224951,1045482.0,4890.0,4494.545454545455
28,2016-05-01,5053.0,4013.0,6754.0,0.0,79.42,0.07,0.0,11.0,163.0,614.0,18.40967741935484,6.961290322580646,56.7,False,True,False,False,5,2,4890.0,5053.0,4727.0,4998.666666666667,163.0,0.7941816742529191,3959.0,163.0,12.0,0.0,11.448387096774194,22.385340501792115,90.16666666666667,14.620628435359384,286505.10000000003,5053.0,4651.272727272727
29,2016-06-01,4890.0,3938.0,2121.0,0.0,80.53,0.04,0.0,7.0,163.0,303.0,16.4,2.21,65.7,False,True,False,False,6,2,5053.0,4890.0,5053.0,4944.333333333333,-163.0,0.805316973415133,3929.3333333333335,163.0,9.666666666666666,0.0,14.189999999999998,18.34878136200717,112.06666666666668,13.20719836400818,321273.0,4309.0,4401.272727272727
30,2016-07-01,5053.0,4047.0,1350.0,0.0,80.09,0.07,0.0,12.0,163.0,112.5,15.448387096774193,3.1967741935483875,121.8,False,True,False,False,7,3,4890.0,5053.0,4890.0,4998.666666666667,163.0,0.8009103502869582,3999.3333333333335,163.0,10.0,0.0,12.251612903225805,16.752688172043012,81.39999999999999,12.372773121045944,615455.4,5053.0,4644.363636363636
31,2016-08-01,5053.0,4093.0,1032.0,0.0,81.0,0.06,0.0,9.0,163.0,114.67,18.35806451612904,4.119354838709677,4.9,True,False,False,False,8,3,5053.0,4890.0,5053.0,4998.666666666667,0.0,0.8100138531565406,4026.0,163.0,9.333333333333334,0.0,14.238709677419363,16.735483870967744,64.13333333333334,14.870286575206048,24759.7,5053.0,4644.363636363636
32,2016-09-01,4890.0,3970.0,1252.0,0.0,81.19,0.06,0.0,10.0,163.0,125.2,21.966666666666665,5.653333333333333,8.0,False,False,True,False,9,3,5053.0,5053.0,4890.0,4998.666666666667,-163.0,0.8118609406952966,4036.6666666666665,163.0,10.333333333333334,0.0,16.313333333333333,18.5910394265233,44.9,17.833878663940013,39120.0,4890.0,4497.181818181818
33,2016-10-01,5053.0,4014.0,1007.0,0.0,79.44,0.04,0.0,6.0,163.0,167.83,21.1,9.316129032258065,91.7,False,False,True,False,10,4,4890.0,5053.0,5053.0,4998.666666666667,163.0,0.7943795764892143,4025.6666666666665,163.0,8.333333333333334,0.0,11.783870967741937,20.474910394265237,34.86666666666667,16.76140906392242,463360.10000000003,5053.0,4616.727272727273
34,2016-11-01,4890.0,3740.0,7596.0,0.0,76.48,0.1,0.0,16.0,163.0,474.75,26.88,11.703333333333337,11.7,False,False,True,False,11,4,5053.0,4890.0,5053.0,4944.333333333333,-163.0,0.7648261758691206,3908.0,163.0,10.666666666666666,0.0,15.176666666666662,23.31555555555555,37.13333333333333,20.55852760736196,57213.0,4890.0,4450.909090909091
35,2016-12-01,5053.0,3967.0,3754.0,0.0,78.51,0.09,0.0,15.0,163.0,250.27,27.490322580645163,13.96774193548387,32.400000000000006,False,False,True,False,12,4,4890.0,5053.0,4890.0,4998.666666666667,163.0,0.7850781713833367,3907.0,163.0,12.333333333333334,0.0,13.522580645161293,25.156774193548387,45.26666666666667,21.582052182350953,163717.20000000004,5053.0,4557.0
36,2017-01-01,5053.0,3870.0,2141.0,0.0,76.59,0.16,0.0,26.0,163.0,82.35,30.161290322580644,16.309677419354838,0.0,False,False,True,False,1,1,5053.0,4890.0,5053.0,4998.666666666667,0.0,0.7658816544626954,3859.0,163.0,19.0,0.0,13.851612903225806,28.177204301075268,14.700000000000003,23.09997893298775,0.0,5053.0,4555.833333333333
37,2017-02-01,4564.0,3331.0,3371.0,0.0,72.98,0.04,0.0,6.0,163.0,561.83,28.417857142857144,15.303571428571429,23.5,False,False,True,False,2,1,5053.0,5053.0,4890.0,4890.0,-489.0,0.7298422436459246,3722.6666666666665,163.0,15.666666666666666,0.0,13.114285714285716,28.68982334869432,18.633333333333336,20.740552616752225,107254.0,4727.0,4125.833333333333
38,2017-03-01,5053.0,3959.0,1044.0,0.0,78.35,0.06,0.0,9.0,163.0,116.0,26.448387096774194,13.33548387096774,6.5,False,False,True,False,3,1,4564.0,5053.0,5053.0,4890.0,489.0,0.7834949534929745,3720.0,163.0,13.666666666666666,0.0,13.112903225806454,28.34251152073733,10.0,20.722177818351284,32844.5,5053.0,4644.363636363636
39,2017-04-01,4890.0,3916.0,1874.0,0.0,80.08,0.06,0.0,9.0,163.0,208.22,22.07,10.35,42.3,False,False,True,False,4,2,5053.0,4564.0,5053.0,4835.666666666667,-163.0,0.8008179959100205,3735.3333333333335,163.0,8.0,0.0,11.72,25.645414746543782,24.099999999999998,17.67405316973415,206847.0,4890.0,4494.545454545455
40,2017-05-01,5053.0,4001.0,7468.0,0.0,79.18,0.07,0.0,12.0,163.0,622.33,16.358064516129033,7.232258064516128,105.8,True,False,False,False,5,2,4890.0,5053.0,4564.0,4998.666666666667,163.0,0.7918068474173758,3958.6666666666665,163.0,10.0,0.0,9.125806451612906,21.62548387096774,51.53333333333333,12.952427494366171,534607.4,5053.0,4651.272727272727
41,2017-06-01,4890.0,3861.0,6534.0,0.0,78.96,0.08,0.0,13.0,163.0,502.62,13.95,5.246666666666667,112.7,False,True,False,False,6,2,5053.0,4890.0,5053.0,4944.333333333333,-163.0,0.7895705521472393,3926.0,163.0,11.333333333333334,0.0,8.703333333333333,17.459354838709675,86.93333333333334,11.014509202453986,551103.0,4890.0,4401.272727272727
42,2017-07-01,5053.0,4043.0,4159.0,0.0,80.01,0.09,0.0,14.0,163.0,297.07,14.235483870967744,4.464516129032258,71.8,False,True,False,False,7,3,4890.0,5053.0,4890.0,4998.666666666667,163.0,0.8001187413417772,3968.3333333333335,163.0,13.0,0.0,9.770967741935486,14.847849462365593,96.76666666666665,11.390077437229882,362805.39999999997,5053.0,4644.363636363636
43,2017-08-01,5053.0,3912.0,3586.0,0.0,77.42,0.1,0.0,17.0,163.0,210.94,14.238709677419354,5.164516129032258,108.4,True,False,False,False,8,3,5053.0,4890.0,5053.0,4998.666666666667,0.0,0.7741935483870968,3938.6666666666665,163.0,14.666666666666666,0.0,9.074193548387097,14.141397849462365,97.63333333333333,11.023517169614983,547745.2000000001,5053.0,4644.363636363636
44,2017-09-01,4890.0,3921.0,5416.0,0.0,80.18,0.07,0.0,12.0,163.0,451.33,16.84,6.956666666666666,43.6,True,False,False,False,9,3,5053.0,5053.0,4890.0,4998.666666666667,-163.0,0.801840490797546,3958.6666666666665,163.0,14.333333333333334,0.0,9.883333333333333,15.104731182795698,74.60000000000001,13.502993865030675,213204.0,4890.0,4497.181818181818
45,2017-10-01,5053.0,3954.0,2698.0,0.0,78.25,0.04,0.0,6.0,163.0,449.67,19.21935483870968,7.848387096774194,46.2,False,False,True,False,10,4,4890.0,5053.0,5053.0,4998.666666666667,163.0,0.7825054423114981,3929.0,163.0,11.666666666666666,0.0,11.370967741935488,16.766021505376344,66.06666666666668,15.03924975900615,233448.6,5053.0,4616.727272727273
46,2017-11-01,4890.0,4029.0,1785.0,0.0,82.39,0.06,0.0,9.0,163.0,198.33,24.49,11.256666666666666,10.6,False,False,True,False,11,4,5053.0,4890.0,5053.0,4944.333333333333,-163.0,0.8239263803680982,3968.0,163.0,9.0,0.0,13.233333333333333,20.183118279569893,33.46666666666667,20.177957055214723,51834.0,4890.0,4450.909090909091
47,2017-12-01,5053.0,4106.0,1391.0,0.0,81.26,0.06,0.0,10.0,163.0,139.1,27.532258064516128,13.99032258064516,9.3,False,False,True,False,12,4,4890.0,5053.0,4890.0,4998.666666666667,163.0,0.8125865822283792,4029.6666666666665,163.0,8.333333333333334,0.0,13.541935483870969,23.74720430107527,22.033333333333335,22.372343481674893,46992.9,5053.0,4557.0
48,2018-01-01,5053.0,3968.0,2097.0,0.0,78.53,0.12,0.0,20.0,163.0,104.85,28.31935483870968,14.474193548387095,1.3,False,False,True,False,1,1,5053.0,4890.0,5053.0,4998.666666666667,0.0,0.7852760736196319,4034.3333333333335,163.0,13.0,0.0,13.845161290322583,26.780537634408603,7.066666666666666,22.23851177518306,6568.900000000001,5053.0,4555.833333333333
49,2018-02-01,4312.0,3391.0,2079.0,0.0,78.64,0.07,0.0,11.0,154.0,189.0,28.49642857142857,14.75357142857143,7.7,False,False,True,False,2,1,5053.0,5053.0,4890.0,4806.0,-741.0,0.7864100185528757,3821.6666666666665,160.0,13.666666666666666,0.0,13.74285714285714,28.116013824884792,6.1000000000000005,22.40987692154784,33202.4,4564.0,4125.833333333333
50,2018-03-01,4774.0,3878.0,2925.0,0.0,81.23,0.06,0.0,9.0,154.0,325.0,26.458064516129035,12.612903225806452,10.9,False,False,True,False,3,1,4312.0,5053.0,5053.0,4713.0,462.0,0.8123167155425219,3745.6666666666665,157.0,13.333333333333334,0.0,13.845161290322583,27.75794930875576,6.633333333333333,21.492328067354084,52036.6,5053.0,4644.363636363636
51,2018-04-01,4620.0,3926.0,1030.0,0.0,84.98,0.05,0.0,7.0,154.0,147.14,22.956666666666667,10.47,4.6,False,False,True,False,4,2,4774.0,4312.0,5053.0,4568.666666666667,-154.0,0.8497835497835498,3731.6666666666665,154.0,9.0,0.0,12.486666666666666,25.970386584741423,7.733333333333333,19.50819769119769,21252.0,4890.0,4494.545454545455
52,2018-05-01,4774.0,4064.0,2380.0,0.0,85.13,0.1,0.0,15.0,154.0,158.67,19.06451612903226,8.64516129032258,26.6,True,False,False,False,5,2,4620.0,4774.0,4312.0,4722.666666666667,154.0,0.8512777545035609,3956.0,154.0,10.333333333333334,0.0,10.41935483870968,22.82641577060932,14.033333333333333,16.229198481019502,126988.40000000001,5053.0,4651.272727272727
53,2018-06-01,4620.0,3864.0,5336.0,0.0,83.64,0.06,0.0,10.0,154.0,533.6,14.616666666666667,4.383333333333334,64.8,False,True,False,False,6,2,4774.0,4620.0,4774.0,4671.333333333333,-154.0,0.8363636363636363,3951.3333333333335,154.0,10.666666666666666,0.0,10.233333333333334,18.879283154121865,32.0,12.224848484848485,299376.0,4890.0,4401.272727272727
54,2018-07-01,4774.0,4042.0,3106.0,0.0,84.67,0.07,0.0,11.0,154.0,282.36,13.587096774193547,4.364516129032259,101.4,False,True,False,False,7,3,4620.0,4774.0,4620.0,4722.666666666667,154.0,0.8466694595726854,3990.0,154.0,12.0,0.0,9.222580645161289,15.756093189964156,64.26666666666667,11.503779882968228,484083.60000000003,5053.0,4644.363636363636
55,2018-08-01,4774.0,3963.0,3544.0,0.0,83.01,0.08,0.0,12.0,154.0,295.33,16.20967741935484,5.170967741935484,43.0,True,False,False,False,8,3,4774.0,4620.0,4774.0,4722.666666666667,0.0,0.830121491411814,3956.3333333333335,154.0,11.0,0.0,11.038709677419355,14.804480286738352,69.73333333333333,13.456001594659245,205282.0,5053.0,4644.363636363636
56,2018-09-01,4620.0,3716.0,2205.0,0.0,80.43,0.06,0.0,10.0,154.0,220.5,18.336666666666662,7.816666666666666,90.1,True,False,False,False,9,3,4774.0,4774.0,4620.0,4722.666666666667,-154.0,0.8043290043290043,3907.0,154.0,11.0,0.0,10.519999999999996,16.04448028673835,78.16666666666667,14.74871284271284,416262.0,4890.0,4497.181818181818
57,2018-10-01,4774.0,3799.0,5360.0,0.0,79.58,0.08,0.0,12.0,154.0,446.67,20.516129032258064,8.258064516129032,32.6,False,False,True,False,10,4,4620.0,4774.0,4774.0,4722.666666666667,154.0,0.7957687473816506,3826.0,154.0,11.333333333333334,0.0,12.258064516129032,18.35415770609319,55.23333333333333,16.326094301120314,155632.4,5053.0,4616.727272727273
58,2018-11-01,4620.0,3706.0,2789.0,0.0,80.22,0.06,0.0,9.0,154.0,309.89,26.476666666666667,11.716666666666669,32.9,False,False,True,False,11,4,4774.0,4620.0,4774.0,4671.333333333333,-154.0,0.8021645021645022,3740.3333333333335,154.0,10.333333333333334,0.0,14.759999999999998,21.77648745519713,51.86666666666667,21.238642135642138,151998.0,4890.0,4450.909090909091
59,2018-12-01,4774.0,3907.0,3639.0,0.0,81.84,0.06,0.0,9.0,154.0,404.33,27.43870967741936,12.62258064516129,4.3,False,False,True,False,12,4,4620.0,4774.0,4620.0,4722.666666666667,154.0,0.8183912861332217,3804.0,154.0,10.0,0.0,14.81612903225807,24.810501792114696,23.266666666666666,22.455600902739306,20528.2,5053.0,4557.0
60,2019-01-01,4774.0,3894.0,4700.0,0.0,81.57,0.1,0.0,15.0,154.0,313.33,29.141935483870967,14.251612903225809,1.6,False,False,True,False,1,1,4774.0,4620.0,4774.0,4722.666666666667,0.0,0.815668202764977,3835.6666666666665,154.0,11.0,0.0,14.890322580645158,27.685770609318997,12.933333333333332,23.77015014122194,7638.400000000001,5053.0,4555.833333333333
61,2019-02-01,4312.0,3485.0,2355.0,0.0,80.82,0.05,0.0,8.0,154.0,294.38,29.12857142857143,15.039285714285716,0.4,False,False,True,False,2,1,4774.0,4774.0,4620.0,4620.0,-462.0,0.8082096474953617,3762.0,154.0,10.666666666666666,0.0,14.089285714285714,28.569738863287252,2.1,23.541992446329182,1724.8000000000002,4312.0,4125.833333333333
62,2019-03-01,4774.0,3909.0,3234.0,0.0,81.88,0.08,0.0,13.0,154.0,248.77,26.748387096774195,12.425806451612903,3.2,False,False,True,False,3,1,4312.0,4774.0,4774.0,4620.0,462.0,0.8188102220360285,3762.6666666666665,154.0,12.0,0.0,14.322580645161292,28.33963133640553,1.7333333333333334,21.901852777815318,15276.800000000001,4774.0,4644.363636363636
63,2019-04-01,4620.0,3683.0,4498.0,0.0,79.72,0.04,0.0,6.0,154.0,749.67,22.19333333333333,10.386666666666668,7.4,False,False,True,False,4,2,4774.0,4312.0,4774.0,4568.666666666667,-154.0,0.7971861471861472,3692.3333333333335,154.0,9.0,0.0,11.806666666666663,26.02343061955965,3.6666666666666665,17.692217893217894,34188.0,4620.0,4494.545454545455
64,2019-05-01,4774.0,3992.0,638.0,0.0,83.62,0.03,0.0,5.0,154.0,127.6,17.9741935483871,7.487096774193549,40.7,True,False,False,False,5,2,4620.0,4774.0,4312.0,4722.666666666667,154.0,0.8361960620025136,3861.3333333333335,154.0,8.0,0.0,10.48709677419355,22.30530465949821,17.1,15.029949862832279,194301.80000000002,4774.0,4651.272727272727
65,2019-06-01,4620.0,3904.0,7854.0,0.0,84.5,0.05,0.0,8.0,154.0,981.75,13.933333333333334,4.78,65.0,False,True,False,False,6,2,4774.0,4620.0,4774.0,4671.333333333333,-154.0,0.845021645021645,3859.6666666666665,154.0,6.333333333333333,0.0,9.153333333333332,18.033620071684588,37.699999999999996,11.773968253968254,300300.0,4620.0,4401.272727272727
66,2019-07-01,4774.0,4017.0,6383.0,0.0,84.14,0.08,0.0,13.0,154.0,491.0,14.422580645161291,4.496774193548387,30.1,True,False,False,False,7,3,4620.0,4774.0,4620.0,4722.666666666667,154.0,0.8414327607875995,3971.0,154.0,8.666666666666666,0.0,9.925806451612903,15.443369175627241,45.26666666666667,12.135631849939864,143697.4,4774.0,4644.363636363636
67,2019-08-01,4774.0,3928.0,19012.0,1.0,82.28,0.08,7.69,13.0,154.0,1462.46,17.851612903225806,6.467741935483871,2.0,True,False,False,False,8,3,4774.0,4620.0,4774.0,4722.666666666667,0.0,0.8227901131126938,3949.6666666666665,154.0,11.333333333333334,0.3333333333333333,11.383870967741935,15.402508960573478,32.36666666666667,14.688130599889185,9548.0,4774.0,4644.363636363636
68,2019-09-01,4620.0,3632.0,8922.0,0.0,78.61,0.1,0.0,15.0,154.0,594.8,18.59333333333333,6.5633333333333335,21.4,False,False,True,False,9,3,4774.0,4774.0,4620.0,4722.666666666667,-154.0,0.7861471861471861,3859.0,154.0,13.666666666666666,0.3333333333333333,12.029999999999998,16.955842293906812,17.83333333333333,14.617096681096678,98868.0,4620.0,4497.181818181818
69,2019-10-01,4774.0,3745.0,5042.0,0.0,78.45,0.07,0.0,11.0,154.0,458.36,22.364516129032257,8.67741935483871,9.4,False,False,True,False,10,4,4620.0,4774.0,4774.0,4722.666666666667,154.0,0.7844574780058651,3768.3333333333335,154.0,13.0,0.3333333333333333,13.687096774193547,19.6031541218638,10.933333333333328,17.544011919402138,44875.6,4774.0,4616.727272727273
70,2019-11-01,4620.0,3565.0,5385.0,0.0,77.16,0.04,0.0,6.0,154.0,897.5,28.686666666666667,12.096666666666666,0.7,False,False,True,False,11,4,4774.0,4620.0,4774.0,4671.333333333333,-154.0,0.7716450216450217,3647.3333333333335,154.0,10.666666666666666,0.0,16.590000000000003,23.21483870967742,10.499999999999995,22.135923520923523,3234.0,4620.0,4450.909090909091
71,2019-12-01,4774.0,3734.0,21538.0,1.0,78.22,0.08,8.33,12.0,154.0,1794.83,30.69032258064516,14.14516129032258,1.0,False,False,True,False,12,4,4620.0,4774.0,4620.0,4722.666666666667,154.0,0.7821533305404273,3681.3333333333335,154.0,9.666666666666666,0.3333333333333333,16.54516129032258,27.24716845878136,3.6999999999999953,24.004538021811694,4774.0,4774.0,4557.0
72,2020-01-01,4774.0,3828.0,17821.0,0.0,80.18,0.06,0.0,10.0,154.0,1782.1,30.961290322580645,15.483870967741936,0.3,False,False,True,False,1,1,4774.0,4620.0,4774.0,4722.666666666667,0.0,0.8018433179723502,3709.0,154.0,9.333333333333334,0.3333333333333333,15.477419354838709,30.112759856630827,0.666666666666662,24.82610376096328,1432.2,4774.0,4555.833333333333
73,2020-02-01,4466.0,3744.0,2128.0,0.0,83.83,0.06,0.0,9.0,154.0,236.44,30.428571428571427,14.717857142857143,0.0,False,False,True,False,2,1,4774.0,4774.0,4620.0,4671.333333333333,-308.0,0.83833407971339,3768.6666666666665,154.0,10.333333333333334,0.3333333333333333,15.710714285714284,30.69339477726574,0.43333333333332863,25.50930842556458,0.0,4312.0,4125.833333333333
74,2020-03-01,4774.0,3900.0,5290.0,0.0,81.69,0.14,0.0,21.0,154.0,251.9,28.83225806451613,13.816129032258065,0.0,False,False,True,False,3,1,4466.0,4774.0,4774.0,4671.333333333333,308.0,0.8169250104733976,3824.0,154.0,13.333333333333334,0.0,15.016129032258064,30.07403993855607,0.09999999999999526,23.55379272132654,0.0,4774.0,4644.363636363636
75,2020-04-01,4620.0,3441.0,1389.0,0.0,74.48,0.01,0.0,2.0,154.0,694.5,24.723333333333336,11.373333333333331,12.0,False,False,True,False,4,2,4774.0,4466.0,4774.0,4620.0,-154.0,0.7448051948051948,3695.0,154.0,10.666666666666666,0.0,13.350000000000005,27.994720942140294,3.999999999999995,18.414067099567102,55440.0,4620.0,4494.545454545455
76,2020-05-01,4774.0,3498.0,1874.0,0.0,73.27,0.01,0.0,2.0,154.0,937.0,21.15806451612903,9.238709677419354,27.8,True,False,False,False,5,2,4620.0,4774.0,4466.0,4722.666666666667,154.0,0.7327188940092166,3613.0,154.0,8.333333333333334,0.0,11.919354838709676,24.904551971326168,13.26666666666666,15.502913631633715,132717.2,4774.0,4651.272727272727
77,2020-06-01,3900.0,3278.0,26146.0,3.0,84.05,0.04,60.0,5.0,130.0,5229.2,13.116666666666667,4.823333333333333,220.1,False,True,False,False,6,2,4774.0,4620.0,4774.0,4431.333333333333,-874.0,0.8405128205128205,3405.6666666666665,146.0,3.0,1.0,8.293333333333333,19.666021505376346,86.63333333333333,11.024726495726496,858390.0,4620.0,4401.272727272727
78,2020-07-01,4774.0,3322.0,15004.0,0.0,69.59,0.03,0.0,4.0,154.0,3751.0,13.94516129032258,4.858064516129032,104.1,False,True,False,False,7,3,3900.0,4774.0,4620.0,4482.666666666667,874.0,0.695852534562212,3366.0,146.0,3.6666666666666665,1.0,9.087096774193549,16.073297491039426,117.33333333333333,9.703775828749814,496973.39999999997,4774.0,4644.363636363636
79,2020-08-01,4774.0,3600.0,716.0,3.0,75.41,0.1,20.0,15.0,154.0,47.73,15.416129032258064,4.854838709677419,15.9,True,False,False,False,8,3,4774.0,3900.0,4774.0,4482.666666666667,0.0,0.754084625052367,3400.0,146.0,8.0,2.0,10.561290322580646,14.15931899641577,113.36666666666666,11.625065881049231,75906.6,4774.0,4644.363636363636
80,2020-09-01,4620.0,3285.0,681.0,0.0,71.1,0.01,0.0,2.0,154.0,340.5,19.35333333333333,7.0,1.5,False,False,True,False,9,3,4774.0,4774.0,3900.0,4722.666666666667,-154.0,0.711038961038961,3402.3333333333335,154.0,7.0,1.0,12.353333333333332,16.238207885304657,40.49999999999999,13.760974025974024,6930.0,4620.0,4497.181818181818
81,2020-10-01,4774.0,3426.0,2728.0,1.0,71.76,0.02,33.33,3.0,154.0,909.33,23.116129032258065,8.603225806451613,2.4,False,False,True,False,10,4,4620.0,4774.0,4774.0,4722.666666666667,154.0,0.7176372015081692,3437.0,154.0,6.666666666666667,1.3333333333333333,14.512903225806452,19.295197132616487,6.599999999999991,16.588994148411423,11457.6,4774.0,4616.727272727273
82,2020-11-01,4620.0,3374.0,7944.0,2.0,73.03,0.06,22.22,9.0,154.0,882.67,26.366666666666667,11.233333333333333,0.6,False,False,True,False,11,4,4774.0,4620.0,4774.0,4671.333333333333,-154.0,0.7303030303030303,3361.6666666666665,154.0,4.666666666666667,1.0,15.133333333333335,22.945376344086025,1.4999999999999905,19.25565656565657,2772.0,4620.0,4450.909090909091
83,2020-12-01,4774.0,3430.0,3447.0,0.0,71.85,0.04,0.0,6.0,154.0,574.5,29.33225806451613,12.993548387096777,0.1,False,False,True,False,12,4,4620.0,4774.0,4620.0,4722.666666666667,154.0,0.718475073313783,3410.0,154.0,6.0,1.0,16.338709677419352,26.27168458781362,1.033333333333324,21.07449626336203,477.40000000000003,4774.0,4557.0
84,2021-01-01,4774.0,3476.0,1420.0,0.0,72.81,0.05,0.0,7.0,154.0,202.86,29.11935483870968,14.070967741935483,95.5,False,False,False,True,1,1,4774.0,4620.0,4774.0,4722.666666666667,0.0,0.728110599078341,3426.6666666666665,154.0,7.333333333333333,0.6666666666666666,15.048387096774196,28.272759856630824,32.066666666666656,21.20211089638769,455917.0,4774.0,4555.833333333333
85,2021-02-01,4312.0,3253.0,3690.0,0.0,75.44,0.05,0.0,7.0,154.0,527.14,26.49285714285714,13.3,1.2000000000000002,False,False,True,False,2,1,4774.0,4774.0,4620.0,4620.0,-462.0,0.7544063079777366,3386.3333333333335,154.0,6.666666666666667,0.0,13.19285714285714,28.31482334869432,32.26666666666666,19.986378544924463,5174.400000000001,4466.0,4125.833333333333
86,2021-03-01,4774.0,3573.0,6938.0,1.0,74.84,0.08,7.69,13.0,154.0,533.69,26.212903225806453,12.50967741935484,9.1,False,False,True,False,3,1,4312.0,4774.0,4774.0,4620.0,462.0,0.7484289903644742,3434.0,154.0,9.0,0.3333333333333333,13.703225806451613,27.275038402457756,35.26666666666666,19.61849669581199,43443.4,4774.0,4644.363636363636
87,2021-04-01,4620.0,3401.0,9265.0,0.0,73.61,0.07,0.0,11.0,154.0,842.27,23.47,10.18,3.3000000000000003,False,False,True,False,4,2,4774.0,4312.0,4774.0,4568.666666666667,-154.0,0.7361471861471861,3409.0,154.0,10.333333333333334,0.3333333333333333,13.29,25.391920122887864,4.533333333333324,17.27737445887446,15246.000000000002,4620.0,4494.545454545455
88,2021-05-01,4774.0,3471.0,2618.0,0.0,72.71,0.03,0.0,4.0,154.0,654.5,19.029032258064515,7.967741935483871,21.4,True,False,False,False,5,2,4620.0,4774.0,4312.0,4722.666666666667,154.0,0.7270632593213239,3481.6666666666665,154.0,9.333333333333334,0.3333333333333333,11.061290322580643,22.903978494623658,11.266666666666657,13.835310215278998,102163.59999999999,4774.0,4651.272727272727
89,2021-06-01,4620.0,3310.0,30719.0,5.0,71.65,0.06,55.56,9.0,154.0,3413.22,16.053333333333335,6.3933333333333335,61.8,True,False,False,False,6,2,4774.0,4620.0,4774.0,4671.333333333333,-154.0,0.7164502164502164,3394.0,154.0,8.0,1.6666666666666667,9.66,19.517455197132616,28.833333333333325,11.501414141414143,285516.0,3900.0,4401.272727272727
90,2021-07-01,4774.0,3237.0,2279.0,2.0,67.8,0.06,22.22,9.0,154.0,253.22,16.032258064516128,4.251612903225807,8.7,False,True,False,False,7,3,4620.0,4774.0,4620.0,4722.666666666667,154.0,0.67804775869292,3339.3333333333335,154.0,7.333333333333333,2.3333333333333335,11.780645161290321,17.038207885304658,30.633333333333322,10.870636647431652,41533.799999999996,4774.0,4644.363636363636
91,2021-08-01,4774.0,3295.0,728.0,0.0,69.02,0.02,0.0,3.0,154.0,242.67,15.461290322580645,5.929032258064517,88.2,True,False,False,False,8,3,4774.0,4620.0,4774.0,4722.666666666667,0.0,0.6901968998743192,3280.6666666666665,154.0,7.0,2.3333333333333335,9.532258064516128,15.848960573476703,52.899999999999984,10.671334648701974,421066.8,4774.0,4644.363636363636
92,2021-09-01,4649.0,3344.0,2980.0,0.0,71.93,0.05,0.0,8.0,154.97,372.5,17.720000000000002,6.4,35.8,False,False,True,False,9,3,4774.0,4774.0,4620.0,4732.333333333333,-125.0,0.7192944719294472,3292.0,154.32333333333335,6.666666666666667,0.6666666666666666,11.320000000000002,16.40451612903226,44.23333333333332,12.745898042589806,166434.19999999998,4620.0,4497.181818181818
93,2021-10-01,4774.0,3484.0,2481.0,0.0,72.98,0.05,0.0,8.0,154.0,310.13,22.58709677419355,8.290322580645162,30.4,False,False,True,False,10,4,4649.0,4774.0,4774.0,4732.333333333333,125.0,0.7297863426895685,3374.3333333333335,154.32333333333335,6.333333333333333,0.0,14.296774193548389,18.589462365591398,51.46666666666665,16.483754746814064,145129.6,4774.0,4616.727272727273
94,2021-11-01,4620.0,3394.0,1199.0,1.0,73.46,0.08,7.69,13.0,154.0,92.23,26.10333333333333,10.73,0.9,False,False,True,False,11,4,4774.0,4649.0,4774.0,4681.0,-154.0,0.7346320346320346,3407.3333333333335,154.32333333333335,9.666666666666666,0.3333333333333333,15.373333333333331,22.13681003584229,22.36666666666665,19.176344877344878,4158.0,4620.0,4450.909090909091
95,2021-12-01,4774.0,3384.0,7180.0,1.0,70.88,0.08,7.69,13.0,154.0,552.31,28.81935483870968,12.641935483870968,0.0,False,False,True,False,12,4,4620.0,4774.0,4649.0,4722.666666666667,154.0,0.708839547549225,3420.6666666666665,154.0,11.333333333333334,0.6666666666666666,16.17741935483871,25.836594982078854,10.433333333333318,20.428298444531535,0.0,4774.0,4557.0
96,2022-01-01,4774.0,3325.0,747.0,3.0,69.65,0.05,42.86,7.0,154.0,106.71,28.948387096774194,13.048387096774194,4.5,False,False,True,False,1,1,4774.0,4620.0,4774.0,4722.666666666667,0.0,0.6964809384164223,3367.6666666666665,154.0,11.0,1.6666666666666667,15.9,27.957025089605736,1.7999999999999858,20.16199981080314,21483.0,4774.0,4555.833333333333
97,2022-02-01,4312.0,3018.0,2274.0,0.0,69.99,0.04,0.0,6.0,154.0,379.0,28.86785714285714,12.928571428571429,11.9,False,False,True,False,2,1,4774.0,4774.0,4620.0,4620.0,-462.0,0.6999072356215214,3242.3333333333335,154.0,8.666666666666666,1.3333333333333333,15.939285714285711,28.878533026113672,5.466666666666652,20.20482209117413,51312.8,4312.0,4125.833333333333
98,2022-03-01,4774.0,3290.0,22966.0,2.0,68.91,0.12,11.11,18.0,154.0,1275.89,27.796774193548387,11.87741935483871,0.7999999999999999,False,False,True,False,3,1,4312.0,4774.0,4774.0,4620.0,462.0,0.6891495601173021,3211.0,154.0,10.333333333333334,1.6666666666666667,15.919354838709678,28.537672811059906,5.733333333333319,19.156134708163847,3819.2,4774.0,4644.363636363636
99,2022-04-01,4620.0,3191.0,649.0,0.0,69.07,0.05,0.0,8.0,154.0,81.13,22.86,9.503333333333334,44.6,False,False,True,False,4,2,4774.0,4312.0,4774.0,4568.666666666667,-154.0,0.6906926406926407,3166.3333333333335,154.0,10.666666666666666,0.6666666666666666,13.356666666666666,26.508210445468507,19.099999999999984,15.789233766233766,206052.0,4620.0,4494.545454545455
100,2022-05-01,4850.0,3431.0,914.0,1.0,70.74,0.05,12.5,8.0,156.45,114.25,17.683870967741935,7.261290322580645,2.1,True,False,False,False,5,2,4620.0,4774.0,4312.0,4748.0,230.0,0.7074226804123711,3304.0,154.81666666666663,11.333333333333334,1.0,10.42258064516129,22.780215053763442,15.833333333333321,12.509971400066512,10185.0,4774.0,4651.272727272727
101,2022-06-01,4895.0,3294.0,2304.0,0.0,67.29,0.07,0.0,12.0,163.17,192.0,13.996666666666666,5.1866666666666665,85.4,True,False,False,False,6,2,4850.0,4620.0,4774.0,4788.333333333333,45.0,0.6729315628192033,3305.3333333333335,157.8733333333333,9.333333333333334,0.3333333333333333,8.809999999999999,18.180179211469536,44.033333333333324,9.418798774259448,418033.0,4620.0,4401.272727272727
102,2022-07-01,4774.0,3238.0,1544.0,0.0,67.83,0.08,0.0,13.0,154.0,118.77,12.651612903225804,3.441935483870968,171.4,False,True,False,False,7,3,4895.0,4850.0,4620.0,4839.666666666667,-121.0,0.6782572266443234,3321.0,157.87333333333333,11.0,0.3333333333333333,9.209677419354836,14.777383512544802,86.3,8.58104788031947,818263.6,4774.0,4644.363636363636
103,2022-08-01,4774.0,3209.0,1459.0,0.0,67.22,0.08,0.0,12.0,154.0,121.58,15.64516129032258,5.45483870967742,87.8,True,False,False,False,8,3,4774.0,4895.0,4850.0,4814.333333333333,0.0,0.6721826560536238,3247.0,157.05666666666664,12.333333333333334,0.0,10.19032258064516,14.097813620071683,114.86666666666666,10.516406070516373,419157.2,4774.0,4644.363636363636
104,2022-09-01,4620.0,2984.0,706.0,0.0,64.59,0.06,0.0,10.0,154.0,70.6,16.993333333333332,6.08,56.2,True,False,False,False,9,3,4774.0,4774.0,4895.0,4722.666666666667,-154.0,0.6458874458874458,3143.6666666666665,154.0,11.666666666666666,0.0,10.913333333333332,15.09670250896057,105.13333333333333,10.975780663780663,259644.0,4649.0,4497.181818181818
105,2022-10-01,4470.0,3034.0,935.0,0.0,67.87,0.08,0.0,11.0,144.19,85.0,22.135483870967743,8.154838709677419,12.8,False,False,True,False,10,4,4620.0,4774.0,4774.0,4621.333333333333,-150.0,0.6787472035794183,3075.6666666666665,150.73,11.0,0.0,13.980645161290324,18.25799283154122,52.26666666666665,15.024397777296674,57216.0,4774.0,4616.727272727273
106,2022-11-01,4140.0,2997.0,1982.0,0.0,72.39,0.08,0.0,11.0,138.0,180.18,26.673333333333336,11.65,17.0,False,False,True,False,11,4,4470.0,4620.0,4774.0,4410.0,-330.0,0.7239130434782609,3005.0,145.39666666666668,10.666666666666666,0.0,15.023333333333335,21.934050179211468,28.666666666666647,19.30917391304348,70380.0,4620.0,4450.909090909091
107,2022-12-01,3813.0,3084.0,851.0,0.0,80.88,0.1,0.0,12.0,123.0,70.92,30.1483870967742,14.258064516129032,10.9,False,False,True,False,12,4,4140.0,4470.0,4620.0,4141.0,-327.0,0.8088119590873328,3038.3333333333335,135.06333333333333,11.333333333333334,0.0,15.890322580645169,26.319068100358425,13.566666666666649,24.38437603106521,41561.700000000004,4774.0,4557.0
108,2023-01-01,3813.0,3063.0,1174.0,1.0,80.33,0.15,5.56,18.0,123.0,65.22,29.580645161290324,13.819354838709677,7.5,False,False,True,False,1,1,3813.0,4140.0,4470.0,3922.0,0.0,0.8033044846577498,3048.0,128.0,13.666666666666666,0.3333333333333333,15.761290322580647,28.80078853046595,11.799999999999981,23.762264917134086,28597.5,4774.0,4555.833333333333
109,2023-02-01,3444.0,2829.0,277.0,0.0,82.14,0.11,0.0,13.0,123.0,21.31,32.06428571428571,15.775,0.0,False,False,False,True,2,1,3813.0,3813.0,4140.0,3690.0,-369.0,0.8214285714285714,2992.0,123.0,14.333333333333334,0.3333333333333333,16.28928571428571,30.59777265745008,6.133333333333314,26.33852040816326,0.0,4312.0,4125.833333333333
110,2023-03-01,3813.0,3287.0,1210.0,0.0,86.21,0.14,0.0,17.0,123.0,71.18,30.074193548387097,14.080645161290322,0.0,False,False,True,False,3,1,3444.0,3813.0,3813.0,3690.0,369.0,0.8620508785733019,3059.6666666666665,123.0,16.0,0.3333333333333333,15.993548387096775,30.573041474654378,2.499999999999981,25.925484970770622,0.0,4774.0,4644.363636363636
111,2023-04-01,3690.0,3224.0,1570.0,1.0,87.37,0.09,9.09,11.0,123.0,142.73,24.506666666666668,11.28,99.0,False,False,True,False,4,2,3813.0,3444.0,3813.0,3649.0,-123.0,0.8737127371273713,3113.3333333333335,123.0,13.666666666666666,0.3333333333333333,13.226666666666668,28.881715309779825,32.99999999999998,21.41178681120145,365310.0,4620.0,4494.545454545455
112,2023-05-01,3813.0,3264.0,1398.0,0.0,85.6,0.17,0.0,21.0,123.0,66.57,18.693548387096776,8.361290322580645,19.200000000000003,False,True,False,False,5,2,3690.0,3813.0,3444.0,3772.0,123.0,0.8560188827694729,3258.3333333333335,123.0,16.333333333333332,0.3333333333333333,10.33225806451613,24.424802867383516,39.399999999999984,16.002030405319665,73209.6,4850.0,4651.272727272727
113,2023-06-01,3690.0,3120.0,1268.0,0.0,84.55,0.13,0.0,16.0,123.0,79.25,16.226666666666667,7.386666666666667,187.7,False,True,False,False,6,2,3813.0,3690.0,3813.0,3731.0,-123.0,0.8455284552845529,3202.6666666666665,123.0,16.0,0.3333333333333333,8.84,19.8089605734767,101.96666666666664,13.720108401084012,692613.0,4895.0,4401.272727272727
114,2023-07-01,3813.0,3072.0,887.0,0.0,80.57,0.11,0.0,14.0,123.0,63.36,15.82258064516129,6.138709677419355,86.9,False,True,False,False,7,3,3690.0,3813.0,3690.0,3772.0,123.0,0.8056648308418568,3152.0,123.0,17.0,0.0,9.683870967741935,16.914265232974913,97.93333333333332,12.747696758965509,331349.7,4774.0,4644.363636363636
115,2023-08-01,3813.0,2948.0,3170.0,0.0,77.31,0.15,0.0,18.0,123.0,176.11,17.106451612903225,6.770967741935484,200.1,True,False,False,False,8,3,3813.0,3690.0,3813.0,3772.0,0.0,0.7731445056386048,3046.6666666666665,123.0,16.0,0.0,10.33548387096774,16.38523297491039,158.23333333333332,13.225759075488778,762981.2999999999,4774.0,4644.363636363636
116,2023-09-01,3690.0,2696.0,1067.0,0.0,73.06,0.14,0.0,17.0,123.0,62.76,16.406666666666666,6.963333333333334,93.6,False,False,True,False,9,3,3813.0,3813.0,3690.0,3772.0,-123.0,0.7306233062330624,2905.3333333333335,123.0,16.333333333333332,0.0,9.443333333333332,16.445232974910393,126.86666666666663,11.987093044263776,345384.0,4620.0,4497.181818181818
117,2023-10-01,3813.0,2827.0,467.0,0.0,74.14,0.15,0.0,18.0,123.0,25.94,19.90322580645161,7.745161290322581,29.6,False,False,True,False,10,4,3690.0,3813.0,3813.0,3772.0,123.0,0.7414109624967218,2823.6666666666665,123.0,17.666666666666668,0.0,12.158064516129027,17.805448028673833,107.76666666666665,14.756469801950878,112864.8,4470.0,4616.727272727273
118,2023-11-01,3690.0,2743.0,1903.0,0.0,74.34,0.07,0.0,9.0,123.0,211.44,22.386666666666667,8.823333333333332,78.5,False,False,True,False,11,4,3813.0,3690.0,3813.0,3731.0,-123.0,0.743360433604336,2755.3333333333335,123.0,14.666666666666666,0.0,13.563333333333334,19.565519713261647,67.2333333333333,16.64136224028907,289665.0,4140.0,4450.909090909091
119,2023-12-01,3813.0,2763.0,1047.0,0.0,72.46,0.04,0.0,5.0,123.0,209.4,27.780645161290323,11.725806451612904,0.0,False,False,True,False,12,4,3690.0,3813.0,3690.0,3772.0,123.0,0.7246262785208497,2777.6666666666665,123.0,10.666666666666666,0.0,16.05483870967742,23.3568458781362,36.03333333333331,20.13058551813406,0.0,3813.0,4557.0
120,2024-01-01,3348.0,2788.0,1522.0,0.0,83.27,0.1,0.0,11.0,108.0,138.36,30.874193548387098,14.435483870967742,0.0,False,False,True,False,1,1,3813.0,3690.0,3813.0,3617.0,-465.0,0.8327359617682198,2764.6666666666665,118.0,8.333333333333334,0.0,16.438709677419354,27.01383512544803,26.166666666666647,25.710051258334296,0.0,3813.0,4555.833333333333
121,2024-02-01,3133.0,2524.0,952.0,0.0,80.56,0.06,0.0,6.0,108.03,158.67,31.24285714285714,15.30714285714286,10.9,False,False,True,False,2,1,3348.0,3813.0,3690.0,3431.3333333333335,-215.0,0.8056176188956272,2691.6666666666665,113.00999999999999,7.333333333333333,0.0,15.93571428571428,29.965898617511517,3.6333333333333147,25.16979617892481,34149.700000000004,3444.0,4125.833333333333
122,2024-03-01,3348.0,2643.0,2606.0,0.0,78.94,0.08,0.0,9.0,108.0,289.56,29.23225806451613,13.764516129032256,1.0,False,False,True,False,3,1,3133.0,3348.0,3813.0,3276.3333333333335,215.0,0.7894265232974911,2651.6666666666665,108.00999999999999,8.666666666666666,0.0,15.467741935483875,30.449769585253453,3.9666666666666477,23.076719852006015,3348.0,3813.0,4644.363636363636
123,2024-04-01,3240.0,2529.0,2519.0,0.0,78.06,0.11,0.0,12.0,108.0,209.92,22.766666666666666,10.26,49.1,False,False,True,False,4,2,3348.0,3133.0,3348.0,3240.3333333333335,-108.0,0.7805555555555556,2565.3333333333335,108.00999999999999,9.0,0.0,12.506666666666666,27.747260624679978,20.333333333333314,17.770648148148148,159084.0,3690.0,4494.545454545455
124,2024-05-01,3348.0,2675.0,672.0,0.0,79.9,0.09,0.0,10.0,108.0,67.2,14.32258064516129,3.780645161290322,155.4,True,False,False,False,5,2,3240.0,3348.0,3133.0,3312.0,108.0,0.798984468339307,2615.6666666666665,108.0,10.333333333333334,0.0,10.541935483870969,22.107168458781363,68.49999999999999,11.443519482021042,520279.2,3813.0,4651.272727272727
125,2024-06-01,3240.0,2473.0,2958.0,0.0,76.33,0.08,0.0,9.0,108.0,328.67,13.97,5.996666666666667,287.5,False,True,False,False,6,2,3348.0,3240.0,3348.0,3276.0,-108.0,0.7632716049382716,2559.0,108.0,10.333333333333334,0.0,7.973333333333334,17.019749103942655,163.99999999999997,10.662904320987655,931500.0,3690.0,4401.272727272727
126,2024-07-01,3348.0,2563.0,892.0,0.0,76.55,0.07,0.0,8.0,108.0,111.5,14.790322580645162,3.55483870967742,0.4,False,True,False,False,7,3,3240.0,3348.0,3240.0,3312.0,108.0,0.765531660692951,2570.3333333333335,108.0,9.0,0.0,11.235483870967741,14.360967741935484,147.76666666666662,11.322460207345744,1339.2,3813.0,4644.363636363636
127,2024-08-01,3348.0,2525.0,3165.0,0.0,75.42,0.11,0.0,12.0,108.0,263.75,14.225806451612904,3.383870967741936,154.4,True,False,False,False,8,3,3348.0,3240.0,3348.0,3312.0,0.0,0.7541816009557945,2520.3333333333335,108.0,9.666666666666666,0.0,10.841935483870968,14.328709677419356,147.4333333333333,10.72884148456469,516931.2,3813.0,4644.363636363636
128,2024-09-01,3240.0,2429.0,1388.0,0.0,74.97,0.06,0.0,6.0,108.0,231.33,18.566666666666663,5.986666666666666,30.3,True,False,False,False,9,3,3348.0,3348.0,3240.0,3312.0,-108.0,0.7496913580246913,2505.6666666666665,108.0,8.666666666666666,0.0,12.579999999999997,15.860931899641576,61.69999999999999,13.919269547325099,98172.0,3690.0,4497.181818181818
129,2024-10-01,3348.0,2601.0,3027.0,0.0,77.69,0.07,0.0,8.0,108.0,378.38,22.8,9.290322580645162,14.4,False,False,True,False,10,4,3240.0,3348.0,3348.0,3312.0,108.0,0.7768817204301075,2518.3333333333335,108.0,8.666666666666666,0.0,13.509677419354839,18.530824372759856,66.36666666666665,17.712903225806453,48211.200000000004,3813.0,4616.727272727273
130,2024-11-01,3240.0,2524.0,800.0,0.0,77.9,0.1,0.0,11.0,108.0,72.73,25.72,11.27,4.8,False,False,True,False,11,4,3348.0,3240.0,3348.0,3276.0,-108.0,0.7790123456790123,2518.0,108.0,8.333333333333334,0.0,14.45,22.362222222222226,16.499999999999982,20.036197530864197,15552.0,3690.0,4450.909090909091
131,2024-12-01,3348.0,2581.0,597.0,0.0,77.09,0.06,0.0,7.0,108.0,85.29,28.22903225806452,13.422580645161291,0.0,False,False,True,False,12,4,3240.0,3348.0,3240.0,3312.0,108.0,0.7709080047789725,2568.6666666666665,108.0,8.666666666666666,0.0,14.80645161290323,25.58301075268817,6.399999999999981,21.76198693490577,0.0,3813.0,4557.0
132,2025-01-01,3303.0,2562.0,1857.0,1.0,77.57,0.07,14.29,7.0,106.55,265.29,30.677419354838708,16.019354838709678,0.0,False,False,True,False,1,1,3348.0,3240.0,3348.0,3297.0,-45.0,0.7756584922797457,2555.6666666666665,107.51666666666667,8.333333333333334,0.3333333333333333,14.65806451612903,28.20881720430108,1.599999999999981,23.79520084380768,0.0,3348.0,4555.833333333333
133,2025-02-01,2940.0,2307.0,872.0,0.0,78.47,0.09,0.0,9.0,105.0,96.89,30.707142857142856,16.239285714285714,0.3,False,False,True,False,2,1,3303.0,3348.0,3240.0,3197.0,-363.0,0.7846938775510204,2483.3333333333335,106.51666666666667,7.666666666666667,0.3333333333333333,14.467857142857142,29.87119815668203,0.09999999999998105,24.095706997084545,882.0,3133.0,4125.833333333333
